"Country.Name","Country.Code","Indicator.Name","Indicator.Code","X1960","X1961","X1962","X1963","X1964","X1965","X1966","X1967","X1968","X1969","X1970","X1971","X1972","X1973","X1974","X1975","X1976","X1977","X1978","X1979","X1980","X1981","X1982","X1983","X1984","X1985","X1986","X1987","X1988","X1989","X1990","X1991","X1992","X1993","X1994","X1995","X1996","X1997","X1998","X1999","X2000","X2001","X2002","X2003","X2004","X2005","X2006","X2007","X2008","X2009","X2010","X2011","X2012","X2013","X2014","X2015","X2016","X2017","X2018","X"
"Afghanistan","AFG","Net migration","SM.POP.NETM",NA,NA,-20000,NA,NA,NA,NA,-20000,NA,NA,NA,NA,-20000,NA,NA,NA,NA,-1092462,NA,NA,NA,NA,-3318301,NA,NA,NA,NA,-1484185,NA,NA,NA,NA,2327473,NA,NA,NA,NA,-379474,NA,NA,NA,NA,929118,NA,NA,NA,NA,-777497,NA,NA,NA,NA,448007,NA,NA,NA,NA,-299999,NA,NA
"Albania","ALB","Net migration","SM.POP.NETM",NA,NA,-99,NA,NA,NA,NA,-99,NA,NA,NA,NA,-99,NA,NA,NA,NA,-99,NA,NA,NA,NA,-99,NA,NA,NA,NA,-99,NA,NA,NA,NA,-443212,NA,NA,NA,NA,-179606,NA,NA,NA,NA,-176774,NA,NA,NA,NA,-217358,NA,NA,NA,NA,-93425,NA,NA,NA,NA,-40000,NA,NA
"Algeria","DZA","Net migration","SM.POP.NETM",NA,NA,-284266,NA,NA,NA,NA,-121335,NA,NA,NA,NA,-247822,NA,NA,NA,NA,-224833,NA,NA,NA,NA,-81020,NA,NA,NA,NA,-93302,NA,NA,NA,NA,-128679,NA,NA,NA,NA,-164413,NA,NA,NA,NA,-205228,NA,NA,NA,NA,-357340,NA,NA,NA,NA,-143268,NA,NA,NA,NA,-50002,NA,NA
"American Samoa","ASM","Net migration","SM.POP.NETM",NA,NA,NA,NA,NA,NA,NA,NA,NA,NA,NA,NA,NA,NA,NA,NA,NA,NA,NA,NA,NA,NA,NA,NA,NA,NA,NA,NA,NA,NA,NA,NA,NA,NA,NA,NA,NA,NA,NA,NA,NA,NA,NA,NA,NA,NA,NA,NA,NA,NA,NA,NA,NA,NA,NA,NA,NA,NA,NA,NA
"Andorra","AND","Net migration","SM.POP.NETM",NA,NA,NA,NA,NA,NA,NA,NA,NA,NA,NA,NA,NA,NA,NA,NA,NA,NA,NA,NA,NA,NA,NA,NA,NA,NA,NA,NA,NA,NA,NA,NA,NA,NA,NA,NA,NA,NA,NA,NA,NA,NA,NA,NA,NA,NA,NA,NA,NA,NA,NA,NA,NA,NA,NA,NA,NA,NA,NA,NA
"Angola","AGO","Net migration","SM.POP.NETM",NA,NA,-135000,NA,NA,NA,NA,-226155,NA,NA,NA,NA,-80955,NA,NA,NA,NA,11455,NA,NA,NA,NA,234148,NA,NA,NA,NA,-151982,NA,NA,NA,NA,142811,NA,NA,NA,NA,-126955,NA,NA,NA,NA,172594,NA,NA,NA,NA,85286,NA,NA,NA,NA,87322,NA,NA,NA,NA,0,NA,NA
"Antigua and Barbuda","ATG","Net migration","SM.POP.NETM",NA,NA,-1703,NA,NA,NA,NA,-1625,NA,NA,NA,NA,-2874,NA,NA,NA,NA,-3492,NA,NA,NA,NA,-8840,NA,NA,NA,NA,-7629,NA,NA,NA,NA,2617,NA,NA,NA,NA,4421,NA,NA,NA,NA,-282,NA,NA,NA,NA,-92,NA,NA,NA,NA,-56,NA,NA,NA,NA,-56,NA,NA
"Arab World","ARB","Net migration","SM.POP.NETM",NA,NA,-502251,NA,NA,NA,NA,-841024,NA,NA,NA,NA,-870418,NA,NA,NA,NA,1830706,NA,NA,NA,NA,562853,NA,NA,NA,NA,-594845,NA,NA,NA,NA,-510510,NA,NA,NA,NA,-1852228,NA,NA,NA,NA,-25472,NA,NA,NA,NA,4152627,NA,NA,NA,NA,608774,NA,NA,NA,NA,-544526,NA,NA
"Argentina","ARG","Net migration","SM.POP.NETM",NA,NA,122001,NA,NA,NA,NA,130001,NA,NA,NA,NA,290000,NA,NA,NA,NA,-230001,NA,NA,NA,NA,139999,NA,NA,NA,NA,160002,NA,NA,NA,NA,29999,NA,NA,NA,NA,-80000,NA,NA,NA,NA,-90000,NA,NA,NA,NA,-84998,NA,NA,NA,NA,30000,NA,NA,NA,NA,24002,NA,NA
"Armenia","ARM","Net migration","SM.POP.NETM",NA,NA,70335,NA,NA,NA,NA,103399,NA,NA,NA,NA,86404,NA,NA,NA,NA,17214,NA,NA,NA,NA,-51230,NA,NA,NA,NA,-67528,NA,NA,NA,NA,-496288,NA,NA,NA,NA,-223873,NA,NA,NA,NA,-160521,NA,NA,NA,NA,-183361,NA,NA,NA,NA,-30535,NA,NA,NA,NA,-24989,NA,NA
"Aruba","ABW","Net migration","SM.POP.NETM",NA,NA,-4323,NA,NA,NA,NA,-4275,NA,NA,NA,NA,-3537,NA,NA,NA,NA,-5470,NA,NA,NA,NA,-1921,NA,NA,NA,NA,-5194,NA,NA,NA,NA,14218,NA,NA,NA,NA,6926,NA,NA,NA,NA,6263,NA,NA,NA,NA,-441,NA,NA,NA,NA,1253,NA,NA,NA,NA,1004,NA,NA
"Australia","AUS","Net migration","SM.POP.NETM",NA,NA,382989,NA,NA,NA,NA,802781,NA,NA,NA,NA,264129,NA,NA,NA,NA,235744,NA,NA,NA,NA,456227,NA,NA,NA,NA,666233,NA,NA,NA,NA,351078,NA,NA,NA,NA,377552,NA,NA,NA,NA,575104,NA,NA,NA,NA,1122688,NA,NA,NA,NA,913107,NA,NA,NA,NA,849966,NA,NA
"Austria","AUT","Net migration","SM.POP.NETM",NA,NA,15996,NA,NA,NA,NA,50401,NA,NA,NA,NA,82001,NA,NA,NA,NA,5502,NA,NA,NA,NA,18002,NA,NA,NA,NA,110999,NA,NA,NA,NA,227841,NA,NA,NA,NA,65082,NA,NA,NA,NA,178117,NA,NA,NA,NA,153763,NA,NA,NA,NA,267172,NA,NA,NA,NA,99999,NA,NA
"Azerbaijan","AZE","Net migration","SM.POP.NETM",NA,NA,0,NA,NA,NA,NA,-40000,NA,NA,NA,NA,-50466,NA,NA,NA,NA,-50466,NA,NA,NA,NA,-101568,NA,NA,NA,NA,-161568,NA,NA,NA,NA,-115116,NA,NA,NA,NA,-111849,NA,NA,NA,NA,36524,NA,NA,NA,NA,53580,NA,NA,NA,NA,0,NA,NA,NA,NA,0,NA,NA
"Bahamas, The","BHS","Net migration","SM.POP.NETM",NA,NA,14357,NA,NA,NA,NA,14080,NA,NA,NA,NA,887,NA,NA,NA,NA,2791,NA,NA,NA,NA,180,NA,NA,NA,NA,-1099,NA,NA,NA,NA,-395,NA,NA,NA,NA,-3097,NA,NA,NA,NA,15483,NA,NA,NA,NA,14363,NA,NA,NA,NA,9672,NA,NA,NA,NA,5000,NA,NA
"Bahrain","BHR","Net migration","SM.POP.NETM",NA,NA,-4195,NA,NA,NA,NA,-8033,NA,NA,NA,NA,19123,NA,NA,NA,NA,48962,NA,NA,NA,NA,3234,NA,NA,NA,NA,12899,NA,NA,NA,NA,5480,NA,NA,NA,NA,39180,NA,NA,NA,NA,155500,NA,NA,NA,NA,272000,NA,NA,NA,NA,42000,NA,NA,NA,NA,235000,NA,NA
"Bangladesh","BGD","Net migration","SM.POP.NETM",NA,NA,-142378,NA,NA,NA,NA,-161822,NA,NA,NA,NA,-2977854,NA,NA,NA,NA,-1076732,NA,NA,NA,NA,-787467,NA,NA,NA,NA,-219363,NA,NA,NA,NA,-798161,NA,NA,NA,NA,-756121,NA,NA,NA,NA,-1541457,NA,NA,NA,NA,-3570954,NA,NA,NA,NA,-2526483,NA,NA,NA,NA,-2350001,NA,NA
"Barbados","BRB","Net migration","SM.POP.NETM",NA,NA,-15903,NA,NA,NA,NA,-11880,NA,NA,NA,NA,-5433,NA,NA,NA,NA,-3595,NA,NA,NA,NA,-5589,NA,NA,NA,NA,-4077,NA,NA,NA,NA,-3263,NA,NA,NA,NA,-1323,NA,NA,NA,NA,-77,NA,NA,NA,NA,2050,NA,NA,NA,NA,2180,NA,NA,NA,NA,2072,NA,NA
"Belarus","BLR","Net migration","SM.POP.NETM",NA,NA,-125387,NA,NA,NA,NA,65585,NA,NA,NA,NA,37146,NA,NA,NA,NA,38298,NA,NA,NA,NA,47114,NA,NA,NA,NA,-23021,NA,NA,NA,NA,-63057,NA,NA,NA,NA,56146,NA,NA,NA,NA,-6382,NA,NA,NA,NA,63933,NA,NA,NA,NA,75799,NA,NA,NA,NA,10000,NA,NA
"Belgium","BEL","Net migration","SM.POP.NETM",NA,NA,38304,NA,NA,NA,NA,47288,NA,NA,NA,NA,70980,NA,NA,NA,NA,73523,NA,NA,NA,NA,18478,NA,NA,NA,NA,42556,NA,NA,NA,NA,106947,NA,NA,NA,NA,50870,NA,NA,NA,NA,219560,NA,NA,NA,NA,294270,NA,NA,NA,NA,258672,NA,NA,NA,NA,240000,NA,NA
"Belize","BLZ","Net migration","SM.POP.NETM",NA,NA,-2418,NA,NA,NA,NA,-2957,NA,NA,NA,NA,-10665,NA,NA,NA,NA,-13542,NA,NA,NA,NA,-5332,NA,NA,NA,NA,-5404,NA,NA,NA,NA,-9011,NA,NA,NA,NA,11909,NA,NA,NA,NA,5797,NA,NA,NA,NA,8722,NA,NA,NA,NA,7594,NA,NA,NA,NA,6832,NA,NA
"Benin","BEN","Net migration","SM.POP.NETM",NA,NA,-24295,NA,NA,NA,NA,-23742,NA,NA,NA,NA,-24845,NA,NA,NA,NA,-19393,NA,NA,NA,NA,-10848,NA,NA,NA,NA,-8723,NA,NA,NA,NA,68259,NA,NA,NA,NA,-2851,NA,NA,NA,NA,25005,NA,NA,NA,NA,-48776,NA,NA,NA,NA,-42268,NA,NA,NA,NA,-10000,NA,NA
"Bermuda","BMU","Net migration","SM.POP.NETM",NA,NA,NA,NA,NA,NA,NA,NA,NA,NA,NA,NA,NA,NA,NA,NA,NA,NA,NA,NA,NA,NA,NA,NA,NA,NA,NA,NA,NA,NA,NA,NA,NA,NA,NA,NA,NA,NA,NA,NA,NA,NA,NA,NA,NA,NA,NA,NA,NA,NA,NA,NA,NA,NA,NA,NA,NA,NA,NA,NA
"Bhutan","BTN","Net migration","SM.POP.NETM",NA,NA,5000,NA,NA,NA,NA,10000,NA,NA,NA,NA,9999,NA,NA,NA,NA,10004,NA,NA,NA,NA,797,NA,NA,NA,NA,1595,NA,NA,NA,NA,-85887,NA,NA,NA,NA,143,NA,NA,NA,NA,29002,NA,NA,NA,NA,16829,NA,NA,NA,NA,10000,NA,NA,NA,NA,0,NA,NA
"Bolivia","BOL","Net migration","SM.POP.NETM",NA,NA,-34003,NA,NA,NA,NA,-37001,NA,NA,NA,NA,-42998,NA,NA,NA,NA,-60007,NA,NA,NA,NA,-87002,NA,NA,NA,NA,-106998,NA,NA,NA,NA,-90997,NA,NA,NA,NA,-83002,NA,NA,NA,NA,-89995,NA,NA,NA,NA,-84003,NA,NA,NA,NA,-61794,NA,NA,NA,NA,-50005,NA,NA
"Bosnia and Herzegovina","BIH","Net migration","SM.POP.NETM",NA,NA,-50002,NA,NA,NA,NA,-96958,NA,NA,NA,NA,-82247,NA,NA,NA,NA,-74132,NA,NA,NA,NA,-29999,NA,NA,NA,NA,-134587,NA,NA,NA,NA,-726484,NA,NA,NA,NA,-159283,NA,NA,NA,NA,-6000,NA,NA,NA,NA,-59246,NA,NA,NA,NA,-161371,NA,NA,NA,NA,-2506,NA,NA
"Botswana","BWA","Net migration","SM.POP.NETM",NA,NA,-15000,NA,NA,NA,NA,-6020,NA,NA,NA,NA,2326,NA,NA,NA,NA,14845,NA,NA,NA,NA,601,NA,NA,NA,NA,5803,NA,NA,NA,NA,17864,NA,NA,NA,NA,24546,NA,NA,NA,NA,21278,NA,NA,NA,NA,18730,NA,NA,NA,NA,15000,NA,NA,NA,NA,15000,NA,NA
"Brazil","BRA","Net migration","SM.POP.NETM",NA,NA,0,NA,NA,NA,NA,0,NA,NA,NA,NA,0,NA,NA,NA,NA,0,NA,NA,NA,NA,0,NA,NA,NA,NA,0,NA,NA,NA,NA,0,NA,NA,NA,NA,0,NA,NA,NA,NA,0,NA,NA,NA,NA,0,NA,NA,NA,NA,15924,NA,NA,NA,NA,30000,NA,NA
"British Virgin Islands","VGB","Net migration","SM.POP.NETM",NA,NA,NA,NA,NA,NA,NA,NA,NA,NA,NA,NA,NA,NA,NA,NA,NA,NA,NA,NA,NA,NA,NA,NA,NA,NA,NA,NA,NA,NA,NA,NA,NA,NA,NA,NA,NA,NA,NA,NA,NA,NA,NA,NA,NA,NA,NA,NA,NA,NA,NA,NA,NA,NA,NA,NA,NA,NA,NA,NA
"Brunei Darussalam","BRN","Net migration","SM.POP.NETM",NA,NA,4889,NA,NA,NA,NA,9636,NA,NA,NA,NA,9768,NA,NA,NA,NA,7335,NA,NA,NA,NA,2933,NA,NA,NA,NA,2839,NA,NA,NA,NA,3868,NA,NA,NA,NA,3215,NA,NA,NA,NA,3347,NA,NA,NA,NA,-2089,NA,NA,NA,NA,2030,NA,NA,NA,NA,1760,NA,NA
"Bulgaria","BGR","Net migration","SM.POP.NETM",NA,NA,-1437,NA,NA,NA,NA,-6423,NA,NA,NA,NA,-43396,NA,NA,NA,NA,-94868,NA,NA,NA,NA,-22346,NA,NA,NA,NA,-184143,NA,NA,NA,NA,-356464,NA,NA,NA,NA,-133824,NA,NA,NA,NA,-85500,NA,NA,NA,NA,-83742,NA,NA,NA,NA,-24472,NA,NA,NA,NA,-24001,NA,NA
"Burkina Faso","BFA","Net migration","SM.POP.NETM",NA,NA,-144723,NA,NA,NA,NA,-144723,NA,NA,NA,NA,-170263,NA,NA,NA,NA,-217400,NA,NA,NA,NA,-217400,NA,NA,NA,NA,-183699,NA,NA,NA,NA,-150001,NA,NA,NA,NA,-137499,NA,NA,NA,NA,-125000,NA,NA,NA,NA,-125000,NA,NA,NA,NA,-125000,NA,NA,NA,NA,-125000,NA,NA
"Burundi","BDI","Net migration","SM.POP.NETM",NA,NA,-84989,NA,NA,NA,NA,-57900,NA,NA,NA,NA,-260594,NA,NA,NA,NA,-150288,NA,NA,NA,NA,-139147,NA,NA,NA,NA,-150768,NA,NA,NA,NA,-302498,NA,NA,NA,NA,-445502,NA,NA,NA,NA,50869,NA,NA,NA,NA,102069,NA,NA,NA,NA,-70000,NA,NA,NA,NA,20000,NA,NA
"Cabo Verde","CPV","Net migration","SM.POP.NETM",NA,NA,-1167,NA,NA,NA,NA,4267,NA,NA,NA,NA,-34907,NA,NA,NA,NA,-27982,NA,NA,NA,NA,-20313,NA,NA,NA,NA,-27757,NA,NA,NA,NA,-6376,NA,NA,NA,NA,-5438,NA,NA,NA,NA,-9859,NA,NA,NA,NA,-17623,NA,NA,NA,NA,-11052,NA,NA,NA,NA,-7392,NA,NA
"Cambodia","KHM","Net migration","SM.POP.NETM",NA,NA,0,NA,NA,NA,NA,-249999,NA,NA,NA,NA,-125000,NA,NA,NA,NA,-84999,NA,NA,NA,NA,-88854,NA,NA,NA,NA,-78022,NA,NA,NA,NA,409414,NA,NA,NA,NA,348495,NA,NA,NA,NA,-35156,NA,NA,NA,NA,-295987,NA,NA,NA,NA,-149999,NA,NA,NA,NA,-149999,NA,NA
"Cameroon","CMR","Net migration","SM.POP.NETM",NA,NA,0,NA,NA,NA,NA,-1000,NA,NA,NA,NA,-2500,NA,NA,NA,NA,0,NA,NA,NA,NA,-16500,NA,NA,NA,NA,-19500,NA,NA,NA,NA,-48000,NA,NA,NA,NA,-48000,NA,NA,NA,NA,-54000,NA,NA,NA,NA,-54000,NA,NA,NA,NA,-36000,NA,NA,NA,NA,-24000,NA,NA
"Canada","CAN","Net migration","SM.POP.NETM",NA,NA,178066,NA,NA,NA,NA,608528,NA,NA,NA,NA,771526,NA,NA,NA,NA,438027,NA,NA,NA,NA,376129,NA,NA,NA,NA,875013,NA,NA,NA,NA,698764,NA,NA,NA,NA,761611,NA,NA,NA,NA,1026702,NA,NA,NA,NA,1229905,NA,NA,NA,NA,1145721,NA,NA,NA,NA,1100000,NA,NA
"Caribbean small states","CSS","Net migration","SM.POP.NETM",NA,NA,-261752,NA,NA,NA,NA,-298953,NA,NA,NA,NA,-281348,NA,NA,NA,NA,-271658,NA,NA,NA,NA,-272660,NA,NA,NA,NA,-343135,NA,NA,NA,NA,-223696,NA,NA,NA,NA,-207745,NA,NA,NA,NA,-159808,NA,NA,NA,NA,-142162,NA,NA,NA,NA,-120217,NA,NA,NA,NA,-119655,NA,NA
"Cayman Islands","CYM","Net migration","SM.POP.NETM",NA,NA,NA,NA,NA,NA,NA,NA,NA,NA,NA,NA,NA,NA,NA,NA,NA,NA,NA,NA,NA,NA,NA,NA,NA,NA,NA,NA,NA,NA,NA,NA,NA,NA,NA,NA,NA,NA,NA,NA,NA,NA,NA,NA,NA,NA,NA,NA,NA,NA,NA,NA,NA,NA,NA,NA,NA,NA,NA,NA
"Central African Republic","CAF","Net migration","SM.POP.NETM",NA,NA,11930,NA,NA,NA,NA,13145,NA,NA,NA,NA,-20075,NA,NA,NA,NA,4000,NA,NA,NA,NA,40165,NA,NA,NA,NA,-45000,NA,NA,NA,NA,50000,NA,NA,NA,NA,25000,NA,NA,NA,NA,-24405,NA,NA,NA,NA,-125614,NA,NA,NA,NA,-396129,NA,NA,NA,NA,-150000,NA,NA
"Central Europe and the Baltics","CEB","Net migration","SM.POP.NETM",NA,NA,81694,NA,NA,NA,NA,-200621,NA,NA,NA,NA,-123404,NA,NA,NA,NA,-129100,NA,NA,NA,NA,-321864,NA,NA,NA,NA,-657287,NA,NA,NA,NA,-1411284,NA,NA,NA,NA,-1035788,NA,NA,NA,NA,-804567,NA,NA,NA,NA,-993491,NA,NA,NA,NA,-553383,NA,NA,NA,NA,-243005,NA,NA
"Chad","TCD","Net migration","SM.POP.NETM",NA,NA,-5000,NA,NA,NA,NA,-40950,NA,NA,NA,NA,-49050,NA,NA,NA,NA,-175500,NA,NA,NA,NA,-131245,NA,NA,NA,NA,1418,NA,NA,NA,NA,-10374,NA,NA,NA,NA,69444,NA,NA,NA,NA,218966,NA,NA,NA,NA,75000,NA,NA,NA,NA,100000,NA,NA,NA,NA,10000,NA,NA
"Channel Islands","CHI","Net migration","SM.POP.NETM",NA,NA,2934,NA,NA,NA,NA,3880,NA,NA,NA,NA,4250,NA,NA,NA,NA,1726,NA,NA,NA,NA,5380,NA,NA,NA,NA,6085,NA,NA,NA,NA,2120,NA,NA,NA,NA,3778,NA,NA,NA,NA,4592,NA,NA,NA,NA,4479,NA,NA,NA,NA,3654,NA,NA,NA,NA,3654,NA,NA
"Chile","CHL","Net migration","SM.POP.NETM",NA,NA,-44994,NA,NA,NA,NA,-40584,NA,NA,NA,NA,-62525,NA,NA,NA,NA,-76611,NA,NA,NA,NA,-63513,NA,NA,NA,NA,-20953,NA,NA,NA,NA,13650,NA,NA,NA,NA,23454,NA,NA,NA,NA,37362,NA,NA,NA,NA,59383,NA,NA,NA,NA,80820,NA,NA,NA,NA,85285,NA,NA
"China","CHN","Net migration","SM.POP.NETM",NA,NA,-1131180,NA,NA,NA,NA,-160289,NA,NA,NA,NA,-1081485,NA,NA,NA,NA,-47190,NA,NA,NA,NA,-200840,NA,NA,NA,NA,-420046,NA,NA,NA,NA,-764123,NA,NA,NA,NA,-383389,NA,NA,NA,NA,-2030083,NA,NA,NA,NA,-2390895,NA,NA,NA,NA,-1698448,NA,NA,NA,NA,-1624595,NA,NA
"Colombia","COL","Net migration","SM.POP.NETM",NA,NA,-253998,NA,NA,NA,NA,-281000,NA,NA,NA,NA,-289998,NA,NA,NA,NA,-286998,NA,NA,NA,NA,-273997,NA,NA,NA,NA,-254001,NA,NA,NA,NA,-223998,NA,NA,NA,NA,-190000,NA,NA,NA,NA,-159003,NA,NA,NA,NA,-143000,NA,NA,NA,NA,-144998,NA,NA,NA,NA,-147004,NA,NA
"Comoros","COM","Net migration","SM.POP.NETM",NA,NA,-8491,NA,NA,NA,NA,-5500,NA,NA,NA,NA,-5500,NA,NA,NA,NA,10000,NA,NA,NA,NA,-4500,NA,NA,NA,NA,-4500,NA,NA,NA,NA,-3000,NA,NA,NA,NA,-6000,NA,NA,NA,NA,-10000,NA,NA,NA,NA,-10000,NA,NA,NA,NA,-10000,NA,NA,NA,NA,-10000,NA,NA
"Congo, Dem. Rep.","COD","Net migration","SM.POP.NETM",NA,NA,122650,NA,NA,NA,NA,241910,NA,NA,NA,NA,27450,NA,NA,NA,NA,100685,NA,NA,NA,NA,-446860,NA,NA,NA,NA,74515,NA,NA,NA,NA,1302404,NA,NA,NA,NA,-1006384,NA,NA,NA,NA,-241564,NA,NA,NA,NA,-43426,NA,NA,NA,NA,15060,NA,NA,NA,NA,119303,NA,NA
"Congo, Rep.","COG","Net migration","SM.POP.NETM",NA,NA,0,NA,NA,NA,NA,500,NA,NA,NA,NA,6944,NA,NA,NA,NA,-7407,NA,NA,NA,NA,2098,NA,NA,NA,NA,2000,NA,NA,NA,NA,22530,NA,NA,NA,NA,49302,NA,NA,NA,NA,49674,NA,NA,NA,NA,95864,NA,NA,NA,NA,-60001,NA,NA,NA,NA,-20003,NA,NA
"Costa Rica","CRI","Net migration","SM.POP.NETM",NA,NA,7905,NA,NA,NA,NA,7827,NA,NA,NA,NA,12638,NA,NA,NA,NA,17425,NA,NA,NA,NA,18876,NA,NA,NA,NA,17417,NA,NA,NA,NA,69202,NA,NA,NA,NA,89527,NA,NA,NA,NA,41792,NA,NA,NA,NA,30339,NA,NA,NA,NA,19658,NA,NA,NA,NA,16384,NA,NA
"Cote d'Ivoire","CIV","Net migration","SM.POP.NETM",NA,NA,200000,NA,NA,NA,NA,200000,NA,NA,NA,NA,400000,NA,NA,NA,NA,420000,NA,NA,NA,NA,430000,NA,NA,NA,NA,325000,NA,NA,NA,NA,375000,NA,NA,NA,NA,180000,NA,NA,NA,NA,-370000,NA,NA,NA,NA,-220000,NA,NA,NA,NA,60000,NA,NA,NA,NA,30000,NA,NA
"Croatia","HRV","Net migration","SM.POP.NETM",NA,NA,1854,NA,NA,NA,NA,-1225,NA,NA,NA,NA,-18403,NA,NA,NA,NA,18681,NA,NA,NA,NA,54369,NA,NA,NA,NA,26145,NA,NA,NA,NA,-143579,NA,NA,NA,NA,-188129,NA,NA,NA,NA,-2580,NA,NA,NA,NA,-10499,NA,NA,NA,NA,-32772,NA,NA,NA,NA,-40000,NA,NA
"Cuba","CUB","Net migration","SM.POP.NETM",NA,NA,-205000,NA,NA,NA,NA,-250000,NA,NA,NA,NA,-190000,NA,NA,NA,NA,-160000,NA,NA,NA,NA,-270000,NA,NA,NA,NA,-69999,NA,NA,NA,NA,-120006,NA,NA,NA,NA,-132839,NA,NA,NA,NA,-145629,NA,NA,NA,NA,-178725,NA,NA,NA,NA,-73271,NA,NA,NA,NA,-109998,NA,NA
"Curacao","CUW","Net migration","SM.POP.NETM",NA,NA,-7752,NA,NA,NA,NA,-4526,NA,NA,NA,NA,-5000,NA,NA,NA,NA,-13251,NA,NA,NA,NA,-8464,NA,NA,NA,NA,-14547,NA,NA,NA,NA,-11517,NA,NA,NA,NA,-17077,NA,NA,NA,NA,-6070,NA,NA,NA,NA,15363,NA,NA,NA,NA,6817,NA,NA,NA,NA,2573,NA,NA
"Cyprus","CYP","Net migration","SM.POP.NETM",NA,NA,-43025,NA,NA,NA,NA,-7843,NA,NA,NA,NA,3053,NA,NA,NA,NA,-1215,NA,NA,NA,NA,-27634,NA,NA,NA,NA,17167,NA,NA,NA,NA,43195,NA,NA,NA,NA,53260,NA,NA,NA,NA,57530,NA,NA,NA,NA,58658,NA,NA,NA,NA,22509,NA,NA,NA,NA,25001,NA,NA
"Czech Republic","CZE","Net migration","SM.POP.NETM",NA,NA,24999,NA,NA,NA,NA,-129099,NA,NA,NA,NA,9999,NA,NA,NA,NA,9999,NA,NA,NA,NA,-52946,NA,NA,NA,NA,5671,NA,NA,NA,NA,29999,NA,NA,NA,NA,46002,NA,NA,NA,NA,47402,NA,NA,NA,NA,250889,NA,NA,NA,NA,59997,NA,NA,NA,NA,59997,NA,NA
"Denmark","DNK","Net migration","SM.POP.NETM",NA,NA,2256,NA,NA,NA,NA,21866,NA,NA,NA,NA,23256,NA,NA,NA,NA,14925,NA,NA,NA,NA,9319,NA,NA,NA,NA,32839,NA,NA,NA,NA,65466,NA,NA,NA,NA,74568,NA,NA,NA,NA,46306,NA,NA,NA,NA,87989,NA,NA,NA,NA,106841,NA,NA,NA,NA,75998,NA,NA
"Djibouti","DJI","Net migration","SM.POP.NETM",NA,NA,18000,NA,NA,NA,NA,25000,NA,NA,NA,NA,34997,NA,NA,NA,NA,91193,NA,NA,NA,NA,9999,NA,NA,NA,NA,89998,NA,NA,NA,NA,-45000,NA,NA,NA,NA,9988,NA,NA,NA,NA,-8997,NA,NA,NA,NA,-1499,NA,NA,NA,NA,6002,NA,NA,NA,NA,4501,NA,NA
"Dominica","DMA","Net migration","SM.POP.NETM",NA,NA,NA,NA,NA,NA,NA,NA,NA,NA,NA,NA,NA,NA,NA,NA,NA,NA,NA,NA,NA,NA,NA,NA,NA,NA,NA,NA,NA,NA,NA,NA,NA,NA,NA,NA,NA,NA,NA,NA,NA,NA,NA,NA,NA,NA,NA,NA,NA,NA,NA,NA,NA,NA,NA,NA,NA,NA,NA,NA
"Dominican Republic","DOM","Net migration","SM.POP.NETM",NA,NA,-43490,NA,NA,NA,NA,-56172,NA,NA,NA,NA,-70824,NA,NA,NA,NA,-87098,NA,NA,NA,NA,-118102,NA,NA,NA,NA,-134470,NA,NA,NA,NA,-144154,NA,NA,NA,NA,-150146,NA,NA,NA,NA,-152553,NA,NA,NA,NA,-153773,NA,NA,NA,NA,-153010,NA,NA,NA,NA,-151333,NA,NA
"Early-demographic dividend","EAR","Net migration","SM.POP.NETM",NA,NA,-1277858,NA,NA,NA,NA,-2446016,NA,NA,NA,NA,-3543888,NA,NA,NA,NA,-5138430,NA,NA,NA,NA,1273870,NA,NA,NA,NA,-1999721,NA,NA,NA,NA,-7943535,NA,NA,NA,NA,-8427825,NA,NA,NA,NA,-13834276,NA,NA,NA,NA,-13852309,NA,NA,NA,NA,-11500387,NA,NA,NA,NA,-9215471,NA,NA
"East Asia & Pacific","EAS","Net migration","SM.POP.NETM",NA,NA,-698627,NA,NA,NA,NA,1286960,NA,NA,NA,NA,-383013,NA,NA,NA,NA,-1115437,NA,NA,NA,NA,161499,NA,NA,NA,NA,318516,NA,NA,NA,NA,-1986386,NA,NA,NA,NA,-292173,NA,NA,NA,NA,-3492334,NA,NA,NA,NA,-4699823,NA,NA,NA,NA,-1248301,NA,NA,NA,NA,-1410154,NA,NA
"East Asia & Pacific (excluding high income)","EAP","Net migration","SM.POP.NETM",NA,NA,-1290120,NA,NA,NA,NA,-871549,NA,NA,NA,NA,-1305615,NA,NA,NA,NA,-1526815,NA,NA,NA,NA,-700822,NA,NA,NA,NA,-657805,NA,NA,NA,NA,-2868246,NA,NA,NA,NA,-1160763,NA,NA,NA,NA,-5197875,NA,NA,NA,NA,-6826251,NA,NA,NA,NA,-3400344,NA,NA,NA,NA,-3408905,NA,NA
"East Asia & Pacific (IDA & IBRD countries)","TEA","Net migration","SM.POP.NETM",NA,NA,-1290120,NA,NA,NA,NA,-871549,NA,NA,NA,NA,-1305615,NA,NA,NA,NA,-1526815,NA,NA,NA,NA,-700822,NA,NA,NA,NA,-657805,NA,NA,NA,NA,-2868246,NA,NA,NA,NA,-1146831,NA,NA,NA,NA,-5180685,NA,NA,NA,NA,-6801570,NA,NA,NA,NA,-3373331,NA,NA,NA,NA,-3398749,NA,NA
"Ecuador","ECU","Net migration","SM.POP.NETM",NA,NA,-9002,NA,NA,NA,NA,-5500,NA,NA,NA,NA,-5499,NA,NA,NA,NA,-7198,NA,NA,NA,NA,-14001,NA,NA,NA,NA,-16998,NA,NA,NA,NA,-19000,NA,NA,NA,NA,-69999,NA,NA,NA,NA,-120002,NA,NA,NA,NA,-44999,NA,NA,NA,NA,-38001,NA,NA,NA,NA,-30776,NA,NA
"Egypt, Arab Rep.","EGY","Net migration","SM.POP.NETM",NA,NA,-50100,NA,NA,NA,NA,-239700,NA,NA,NA,NA,-546796,NA,NA,NA,NA,-563569,NA,NA,NA,NA,-389781,NA,NA,NA,NA,-212184,NA,NA,NA,NA,-460404,NA,NA,NA,NA,-210899,NA,NA,NA,NA,-74464,NA,NA,NA,NA,-283573,NA,NA,NA,NA,-275026,NA,NA,NA,NA,-275000,NA,NA
"El Salvador","SLV","Net migration","SM.POP.NETM",NA,NA,-24031,NA,NA,NA,NA,-44306,NA,NA,NA,NA,-90977,NA,NA,NA,NA,-164230,NA,NA,NA,NA,-231749,NA,NA,NA,NA,-256685,NA,NA,NA,NA,-265152,NA,NA,NA,NA,-326853,NA,NA,NA,NA,-312786,NA,NA,NA,NA,-285671,NA,NA,NA,NA,-240415,NA,NA,NA,NA,-202694,NA,NA
"Equatorial Guinea","GNQ","Net migration","SM.POP.NETM",NA,NA,2999,NA,NA,NA,NA,5001,NA,NA,NA,NA,-70000,NA,NA,NA,NA,-29997,NA,NA,NA,NA,65001,NA,NA,NA,NA,20000,NA,NA,NA,NA,20004,NA,NA,NA,NA,35002,NA,NA,NA,NA,50003,NA,NA,NA,NA,80003,NA,NA,NA,NA,90001,NA,NA,NA,NA,79999,NA,NA
"Eritrea","ERI","Net migration","SM.POP.NETM",NA,NA,6997,NA,NA,NA,NA,4999,NA,NA,NA,NA,10000,NA,NA,NA,NA,10000,NA,NA,NA,NA,10000,NA,NA,NA,NA,-40000,NA,NA,NA,NA,-400002,NA,NA,NA,NA,-70000,NA,NA,NA,NA,110001,NA,NA,NA,NA,-159999,NA,NA,NA,NA,-159999,NA,NA,NA,NA,-49999,NA,NA
"Estonia","EST","Net migration","SM.POP.NETM",NA,NA,43228,NA,NA,NA,NA,41204,NA,NA,NA,NA,30581,NA,NA,NA,NA,30510,NA,NA,NA,NA,25900,NA,NA,NA,NA,15497,NA,NA,NA,NA,-111876,NA,NA,NA,NA,-1197,NA,NA,NA,NA,-18406,NA,NA,NA,NA,-15151,NA,NA,NA,NA,-10516,NA,NA,NA,NA,-4999,NA,NA
"Eswatini","SWZ","Net migration","SM.POP.NETM",NA,NA,-9908,NA,NA,NA,NA,-9472,NA,NA,NA,NA,-7872,NA,NA,NA,NA,-9472,NA,NA,NA,NA,-14496,NA,NA,NA,NA,17149,NA,NA,NA,NA,-38243,NA,NA,NA,NA,-12000,NA,NA,NA,NA,-46077,NA,NA,NA,NA,-6000,NA,NA,NA,NA,-6000,NA,NA,NA,NA,-9999,NA,NA
"Ethiopia","ETH","Net migration","SM.POP.NETM",NA,NA,-19999,NA,NA,NA,NA,-42182,NA,NA,NA,NA,-59597,NA,NA,NA,NA,-1999798,NA,NA,NA,NA,250001,NA,NA,NA,NA,780074,NA,NA,NA,NA,1475274,NA,NA,NA,NA,-155577,NA,NA,NA,NA,-83182,NA,NA,NA,NA,-50132,NA,NA,NA,NA,-60001,NA,NA,NA,NA,-60001,NA,NA
"Euro area","EMU","Net migration","SM.POP.NETM",NA,NA,846518,NA,NA,NA,NA,71860,NA,NA,NA,NA,2304989,NA,NA,NA,NA,1510813,NA,NA,NA,NA,719828,NA,NA,NA,NA,2468930,NA,NA,NA,NA,4312541,NA,NA,NA,NA,3014725,NA,NA,NA,NA,6731514,NA,NA,NA,NA,4671862,NA,NA,NA,NA,1929664,NA,NA,NA,NA,3318998,NA,NA
"Europe & Central Asia","ECS","Net migration","SM.POP.NETM",NA,NA,1216313,NA,NA,NA,NA,313930,NA,NA,NA,NA,1770947,NA,NA,NA,NA,1152439,NA,NA,NA,NA,519227,NA,NA,NA,NA,1059606,NA,NA,NA,NA,1736987,NA,NA,NA,NA,995887,NA,NA,NA,NA,7561840,NA,NA,NA,NA,7973917,NA,NA,NA,NA,5164543,NA,NA,NA,NA,6488515,NA,NA
"Europe & Central Asia (excluding high income)","ECA","Net migration","SM.POP.NETM",NA,NA,-129218,NA,NA,NA,NA,320904,NA,NA,NA,NA,-532711,NA,NA,NA,NA,-324113,NA,NA,NA,NA,-17283,NA,NA,NA,NA,-1485923,NA,NA,NA,NA,-3120912,NA,NA,NA,NA,-2624521,NA,NA,NA,NA,-504529,NA,NA,NA,NA,316293,NA,NA,NA,NA,1289728,NA,NA,NA,NA,1602472,NA,NA
"Europe & Central Asia (IDA & IBRD countries)","TEC","Net migration","SM.POP.NETM",NA,NA,-189908,NA,NA,NA,NA,176565,NA,NA,NA,NA,-722017,NA,NA,NA,NA,-412027,NA,NA,NA,NA,-82107,NA,NA,NA,NA,-1764751,NA,NA,NA,NA,-3424490,NA,NA,NA,NA,-2897849,NA,NA,NA,NA,-690580,NA,NA,NA,NA,127338,NA,NA,NA,NA,1182959,NA,NA,NA,NA,1512470,NA,NA
"European Union","EUU","Net migration","SM.POP.NETM",NA,NA,1054274,NA,NA,NA,NA,-126278,NA,NA,NA,NA,2204335,NA,NA,NA,NA,1393682,NA,NA,NA,NA,205535,NA,NA,NA,NA,1986242,NA,NA,NA,NA,3689846,NA,NA,NA,NA,2754173,NA,NA,NA,NA,7257129,NA,NA,NA,NA,6281070,NA,NA,NA,NA,2939221,NA,NA,NA,NA,4320989,NA,NA
"Faroe Islands","FRO","Net migration","SM.POP.NETM",NA,NA,NA,NA,NA,NA,NA,NA,NA,NA,NA,NA,NA,NA,NA,NA,NA,NA,NA,NA,NA,NA,NA,NA,NA,NA,NA,NA,NA,NA,NA,NA,NA,NA,NA,NA,NA,NA,NA,NA,NA,NA,NA,NA,NA,NA,NA,NA,NA,NA,NA,NA,NA,NA,NA,NA,NA,NA,NA,NA
"Fiji","FJI","Net migration","SM.POP.NETM",NA,NA,2451,NA,NA,NA,NA,-9567,NA,NA,NA,NA,-12506,NA,NA,NA,NA,-20709,NA,NA,NA,NA,-11628,NA,NA,NA,NA,-66875,NA,NA,NA,NA,-35796,NA,NA,NA,NA,-42260,NA,NA,NA,NA,-61797,NA,NA,NA,NA,-28754,NA,NA,NA,NA,-28720,NA,NA,NA,NA,-20000,NA,NA
"Finland","FIN","Net migration","SM.POP.NETM",NA,NA,-64984,NA,NA,NA,NA,-97937,NA,NA,NA,NA,28880,NA,NA,NA,NA,-29377,NA,NA,NA,NA,26181,NA,NA,NA,NA,18268,NA,NA,NA,NA,47223,NA,NA,NA,NA,22154,NA,NA,NA,NA,31935,NA,NA,NA,NA,57558,NA,NA,NA,NA,81416,NA,NA,NA,NA,70000,NA,NA
"Fragile and conflict affected situations","FCS","Net migration","SM.POP.NETM",NA,NA,-147913,NA,NA,NA,NA,-289212,NA,NA,NA,NA,-564877,NA,NA,NA,NA,130535,NA,NA,NA,NA,-4706426,NA,NA,NA,NA,-5417625,NA,NA,NA,NA,1590478,NA,NA,NA,NA,-2998454,NA,NA,NA,NA,-1917479,NA,NA,NA,NA,-3760919,NA,NA,NA,NA,-4783102,NA,NA,NA,NA,-2918749,NA,NA
"France","FRA","Net migration","SM.POP.NETM",NA,NA,1466682,NA,NA,NA,NA,416217,NA,NA,NA,NA,805181,NA,NA,NA,NA,146855,NA,NA,NA,NA,268131,NA,NA,NA,NA,481869,NA,NA,NA,NA,303416,NA,NA,NA,NA,382333,NA,NA,NA,NA,493125,NA,NA,NA,NA,536344,NA,NA,NA,NA,361722,NA,NA,NA,NA,400002,NA,NA
"French Polynesia","PYF","Net migration","SM.POP.NETM",NA,NA,3190,NA,NA,NA,NA,3344,NA,NA,NA,NA,4388,NA,NA,NA,NA,3844,NA,NA,NA,NA,3650,NA,NA,NA,NA,241,NA,NA,NA,NA,-4324,NA,NA,NA,NA,3483,NA,NA,NA,NA,77,NA,NA,NA,NA,-3463,NA,NA,NA,NA,-4998,NA,NA,NA,NA,-500,NA,NA
"Gabon","GAB","Net migration","SM.POP.NETM",NA,NA,9410,NA,NA,NA,NA,16188,NA,NA,NA,NA,2999,NA,NA,NA,NA,4999,NA,NA,NA,NA,4999,NA,NA,NA,NA,4999,NA,NA,NA,NA,4999,NA,NA,NA,NA,9566,NA,NA,NA,NA,30783,NA,NA,NA,NA,68720,NA,NA,NA,NA,85442,NA,NA,NA,NA,5000,NA,NA
"Gambia, The","GMB","Net migration","SM.POP.NETM",NA,NA,-3232,NA,NA,NA,NA,118,NA,NA,NA,NA,9392,NA,NA,NA,NA,-3380,NA,NA,NA,NA,19475,NA,NA,NA,NA,48392,NA,NA,NA,NA,-14801,NA,NA,NA,NA,-26418,NA,NA,NA,NA,-13742,NA,NA,NA,NA,-13742,NA,NA,NA,NA,-13476,NA,NA,NA,NA,-13000,NA,NA
"Georgia","GEO","Net migration","SM.POP.NETM",NA,NA,96284,NA,NA,NA,NA,85196,NA,NA,NA,NA,-73425,NA,NA,NA,NA,-95444,NA,NA,NA,NA,-47827,NA,NA,NA,NA,-43659,NA,NA,NA,NA,-544069,NA,NA,NA,NA,-366036,NA,NA,NA,NA,-277521,NA,NA,NA,NA,-299482,NA,NA,NA,NA,-305269,NA,NA,NA,NA,-50000,NA,NA
"Germany","DEU","Net migration","SM.POP.NETM",NA,NA,666962,NA,NA,NA,NA,867574,NA,NA,NA,NA,714153,NA,NA,NA,NA,228894,NA,NA,NA,NA,23,NA,NA,NA,NA,1714683,NA,NA,NA,NA,2659698,NA,NA,NA,NA,695914,NA,NA,NA,NA,804608,NA,NA,NA,NA,43087,NA,NA,NA,NA,1777126,NA,NA,NA,NA,1850000,NA,NA
"Ghana","GHA","Net migration","SM.POP.NETM",NA,NA,0,NA,NA,NA,NA,-361999,NA,NA,NA,NA,-164002,NA,NA,NA,NA,-563999,NA,NA,NA,NA,206001,NA,NA,NA,NA,-30003,NA,NA,NA,NA,-16285,NA,NA,NA,NA,-112636,NA,NA,NA,NA,165518,NA,NA,NA,NA,189259,NA,NA,NA,NA,-49999,NA,NA,NA,NA,-100000,NA,NA
"Gibraltar","GIB","Net migration","SM.POP.NETM",NA,NA,NA,NA,NA,NA,NA,NA,NA,NA,NA,NA,NA,NA,NA,NA,NA,NA,NA,NA,NA,NA,NA,NA,NA,NA,NA,NA,NA,NA,NA,NA,NA,NA,NA,NA,NA,NA,NA,NA,NA,NA,NA,NA,NA,NA,NA,NA,NA,NA,NA,NA,NA,NA,NA,NA,NA,NA,NA,NA
"Greece","GRC","Net migration","SM.POP.NETM",NA,NA,-257899,NA,NA,NA,NA,-187126,NA,NA,NA,NA,20771,NA,NA,NA,NA,309665,NA,NA,NA,NA,100241,NA,NA,NA,NA,178887,NA,NA,NA,NA,464636,NA,NA,NA,NA,297431,NA,NA,NA,NA,113586,NA,NA,NA,NA,80157,NA,NA,NA,NA,-161799,NA,NA,NA,NA,49996,NA,NA
"Greenland","GRL","Net migration","SM.POP.NETM",NA,NA,NA,NA,NA,NA,NA,NA,NA,NA,NA,NA,NA,NA,NA,NA,NA,NA,NA,NA,NA,NA,NA,NA,NA,NA,NA,NA,NA,NA,NA,NA,NA,NA,NA,NA,NA,NA,NA,NA,NA,NA,NA,NA,NA,NA,NA,NA,NA,NA,NA,NA,NA,NA,NA,NA,NA,NA,NA,NA
"Grenada","GRD","Net migration","SM.POP.NETM",NA,NA,-8968,NA,NA,NA,NA,-9319,NA,NA,NA,NA,-11426,NA,NA,NA,NA,-12867,NA,NA,NA,NA,-288,NA,NA,NA,NA,-15001,NA,NA,NA,NA,-3923,NA,NA,NA,NA,-4912,NA,NA,NA,NA,-4132,NA,NA,NA,NA,-4274,NA,NA,NA,NA,-4274,NA,NA,NA,NA,-3497,NA,NA
"Guam","GUM","Net migration","SM.POP.NETM",NA,NA,-2905,NA,NA,NA,NA,-1442,NA,NA,NA,NA,-2131,NA,NA,NA,NA,-1511,NA,NA,NA,NA,109,NA,NA,NA,NA,99,NA,NA,NA,NA,1739,NA,NA,NA,NA,-4116,NA,NA,NA,NA,-9556,NA,NA,NA,NA,-9776,NA,NA,NA,NA,-7594,NA,NA,NA,NA,-2532,NA,NA
"Guatemala","GTM","Net migration","SM.POP.NETM",NA,NA,-10311,NA,NA,NA,NA,-41269,NA,NA,NA,NA,-137529,NA,NA,NA,NA,-258519,NA,NA,NA,NA,-283074,NA,NA,NA,NA,-299909,NA,NA,NA,NA,-367469,NA,NA,NA,NA,-402326,NA,NA,NA,NA,-281050,NA,NA,NA,NA,-114231,NA,NA,NA,NA,-50131,NA,NA,NA,NA,-46073,NA,NA
"Guinea","GIN","Net migration","SM.POP.NETM",NA,NA,-13857,NA,NA,NA,NA,-13857,NA,NA,NA,NA,-275000,NA,NA,NA,NA,-353000,NA,NA,NA,NA,-38000,NA,NA,NA,NA,162450,NA,NA,NA,NA,800000,NA,NA,NA,NA,-246148,NA,NA,NA,NA,-368004,NA,NA,NA,NA,-300000,NA,NA,NA,NA,-250000,NA,NA,NA,NA,-50000,NA,NA
"Guinea-Bissau","GNB","Net migration","SM.POP.NETM",NA,NA,-20001,NA,NA,NA,NA,-7230,NA,NA,NA,NA,-14999,NA,NA,NA,NA,-79367,NA,NA,NA,NA,-30001,NA,NA,NA,NA,-28004,NA,NA,NA,NA,-29999,NA,NA,NA,NA,-58803,NA,NA,NA,NA,-39899,NA,NA,NA,NA,-25002,NA,NA,NA,NA,-10003,NA,NA,NA,NA,-9995,NA,NA
"Guyana","GUY","Net migration","SM.POP.NETM",NA,NA,-14669,NA,NA,NA,NA,-42559,NA,NA,NA,NA,-54362,NA,NA,NA,NA,-52341,NA,NA,NA,NA,-97340,NA,NA,NA,NA,-102648,NA,NA,NA,NA,-57867,NA,NA,NA,NA,-80312,NA,NA,NA,NA,-64249,NA,NA,NA,NA,-55476,NA,NA,NA,NA,-27278,NA,NA,NA,NA,-24552,NA,NA
"Haiti","HTI","Net migration","SM.POP.NETM",NA,NA,-51997,NA,NA,NA,NA,-58003,NA,NA,NA,NA,-88000,NA,NA,NA,NA,-97999,NA,NA,NA,NA,-124999,NA,NA,NA,NA,-135001,NA,NA,NA,NA,-140001,NA,NA,NA,NA,-144998,NA,NA,NA,NA,-139999,NA,NA,NA,NA,-138004,NA,NA,NA,NA,-150000,NA,NA,NA,NA,-175000,NA,NA
"Heavily indebted poor countries (HIPC)","HPC","Net migration","SM.POP.NETM",NA,NA,-331391,NA,NA,NA,NA,-322223,NA,NA,NA,NA,-1163002,NA,NA,NA,NA,-2980487,NA,NA,NA,NA,-4907160,NA,NA,NA,NA,-2527702,NA,NA,NA,NA,2721675,NA,NA,NA,NA,-2624944,NA,NA,NA,NA,-1306201,NA,NA,NA,NA,-3965036,NA,NA,NA,NA,-2838760,NA,NA,NA,NA,-2453870,NA,NA
"High income","HIC","Net migration","SM.POP.NETM",NA,NA,4348133,NA,NA,NA,NA,4605753,NA,NA,NA,NA,8028730,NA,NA,NA,NA,7362115,NA,NA,NA,NA,6980495,NA,NA,NA,NA,9035278,NA,NA,NA,NA,11110216,NA,NA,NA,NA,14216196,NA,NA,NA,NA,18128698,NA,NA,NA,NA,22333459,NA,NA,NA,NA,15916583,NA,NA,NA,NA,14628870,NA,NA
"Honduras","HND","Net migration","SM.POP.NETM",NA,NA,-29002,NA,NA,NA,NA,-41000,NA,NA,NA,NA,-45999,NA,NA,NA,NA,-50999,NA,NA,NA,NA,-61998,NA,NA,NA,NA,-73998,NA,NA,NA,NA,-77999,NA,NA,NA,NA,-64998,NA,NA,NA,NA,-41999,NA,NA,NA,NA,-24000,NA,NA,NA,NA,-15001,NA,NA,NA,NA,-14001,NA,NA
"Hong Kong SAR, China","HKG","Net migration","SM.POP.NETM",NA,NA,-27385,NA,NA,NA,NA,71590,NA,NA,NA,NA,73970,NA,NA,NA,NA,406637,NA,NA,NA,NA,160605,NA,NA,NA,NA,221262,NA,NA,NA,NA,156486,NA,NA,NA,NA,375683,NA,NA,NA,NA,64797,NA,NA,NA,NA,89747,NA,NA,NA,NA,74892,NA,NA,NA,NA,146542,NA,NA
"Hungary","HUN","Net migration","SM.POP.NETM",NA,NA,21715,NA,NA,NA,NA,15731,NA,NA,NA,NA,-24419,NA,NA,NA,NA,13040,NA,NA,NA,NA,-115800,NA,NA,NA,NA,-91554,NA,NA,NA,NA,99980,NA,NA,NA,NA,78562,NA,NA,NA,NA,61589,NA,NA,NA,NA,25150,NA,NA,NA,NA,29999,NA,NA,NA,NA,29999,NA,NA
"IBRD only","IBD","Net migration","SM.POP.NETM",NA,NA,-3710366,NA,NA,NA,NA,-3562542,NA,NA,NA,NA,-3012755,NA,NA,NA,NA,-4415354,NA,NA,NA,NA,-1355497,NA,NA,NA,NA,-4927499,NA,NA,NA,NA,-10145278,NA,NA,NA,NA,-8504371,NA,NA,NA,NA,-11408152,NA,NA,NA,NA,-10288496,NA,NA,NA,NA,-3237758,NA,NA,NA,NA,-5886312,NA,NA
"Iceland","ISL","Net migration","SM.POP.NETM",NA,NA,-732,NA,NA,NA,NA,-2757,NA,NA,NA,NA,-1061,NA,NA,NA,NA,-3929,NA,NA,NA,NA,260,NA,NA,NA,NA,646,NA,NA,NA,NA,-1054,NA,NA,NA,NA,1020,NA,NA,NA,NA,2940,NA,NA,NA,NA,12007,NA,NA,NA,NA,-2163,NA,NA,NA,NA,1900,NA,NA
"IDA & IBRD total","IBT","Net migration","SM.POP.NETM",NA,NA,-4114324,NA,NA,NA,NA,-4226337,NA,NA,NA,NA,-7859798,NA,NA,NA,NA,-7620066,NA,NA,NA,NA,-6770284,NA,NA,NA,NA,-9223545,NA,NA,NA,NA,-11366624,NA,NA,NA,NA,-14561952,NA,NA,NA,NA,-18212513,NA,NA,NA,NA,-22259417,NA,NA,NA,NA,-15734793,NA,NA,NA,NA,-14456546,NA,NA
"IDA blend","IDB","Net migration","SM.POP.NETM",NA,NA,100533,NA,NA,NA,NA,183472,NA,NA,NA,NA,-176691,NA,NA,NA,NA,1282874,NA,NA,NA,NA,588927,NA,NA,NA,NA,-371661,NA,NA,NA,NA,-1676525,NA,NA,NA,NA,-1701447,NA,NA,NA,NA,-1456447,NA,NA,NA,NA,-2465799,NA,NA,NA,NA,-2040210,NA,NA,NA,NA,-1704262,NA,NA
"IDA only","IDX","Net migration","SM.POP.NETM",NA,NA,-504491,NA,NA,NA,NA,-847267,NA,NA,NA,NA,-4670352,NA,NA,NA,NA,-4487586,NA,NA,NA,NA,-6003714,NA,NA,NA,NA,-3924385,NA,NA,NA,NA,455179,NA,NA,NA,NA,-4356134,NA,NA,NA,NA,-5347914,NA,NA,NA,NA,-9505122,NA,NA,NA,NA,-10456825,NA,NA,NA,NA,-6865972,NA,NA
"IDA total","IDA","Net migration","SM.POP.NETM",NA,NA,-403958,NA,NA,NA,NA,-663795,NA,NA,NA,NA,-4847043,NA,NA,NA,NA,-3204712,NA,NA,NA,NA,-5414787,NA,NA,NA,NA,-4296046,NA,NA,NA,NA,-1221346,NA,NA,NA,NA,-6057581,NA,NA,NA,NA,-6804361,NA,NA,NA,NA,-11970921,NA,NA,NA,NA,-12497035,NA,NA,NA,NA,-8570234,NA,NA
"India","IND","Net migration","SM.POP.NETM",NA,NA,-85382,NA,NA,NA,NA,-345179,NA,NA,NA,NA,2143321,NA,NA,NA,NA,1157182,NA,NA,NA,NA,583096,NA,NA,NA,NA,45147,NA,NA,NA,NA,-552935,NA,NA,NA,NA,-716900,NA,NA,NA,NA,-1950910,NA,NA,NA,NA,-2913829,NA,NA,NA,NA,-2578213,NA,NA,NA,NA,-2449998,NA,NA
"Indonesia","IDN","Net migration","SM.POP.NETM",NA,NA,-107486,NA,NA,NA,NA,-40261,NA,NA,NA,NA,-90360,NA,NA,NA,NA,-202747,NA,NA,NA,NA,-49566,NA,NA,NA,NA,-166738,NA,NA,NA,NA,-381823,NA,NA,NA,NA,-344962,NA,NA,NA,NA,-851310,NA,NA,NA,NA,-744715,NA,NA,NA,NA,-835000,NA,NA,NA,NA,-825000,NA,NA
"Iran, Islamic Rep.","IRN","Net migration","SM.POP.NETM",NA,NA,-7838,NA,NA,NA,NA,51755,NA,NA,NA,NA,77633,NA,NA,NA,NA,419996,NA,NA,NA,NA,2019420,NA,NA,NA,NA,1344377,NA,NA,NA,NA,-2096003,NA,NA,NA,NA,615293,NA,NA,NA,NA,-70307,NA,NA,NA,NA,-549266,NA,NA,NA,NA,-400001,NA,NA,NA,NA,-274998,NA,NA
"Iraq","IRQ","Net migration","SM.POP.NETM",NA,NA,-1862,NA,NA,NA,NA,-6877,NA,NA,NA,NA,-8587,NA,NA,NA,NA,-47791,NA,NA,NA,NA,-199939,NA,NA,NA,NA,-630184,NA,NA,NA,NA,-154026,NA,NA,NA,NA,-17859,NA,NA,NA,NA,-266320,NA,NA,NA,NA,-457332,NA,NA,NA,NA,463665,NA,NA,NA,NA,39171,NA,NA
"Ireland","IRL","Net migration","SM.POP.NETM",NA,NA,-109734,NA,NA,NA,NA,-50860,NA,NA,NA,NA,37331,NA,NA,NA,NA,53058,NA,NA,NA,NA,-50745,NA,NA,NA,NA,-115193,NA,NA,NA,NA,-10648,NA,NA,NA,NA,83412,NA,NA,NA,NA,199949,NA,NA,NA,NA,198144,NA,NA,NA,NA,-139996,NA,NA,NA,NA,23497,NA,NA
"Isle of Man","IMN","Net migration","SM.POP.NETM",NA,NA,NA,NA,NA,NA,NA,NA,NA,NA,NA,NA,NA,NA,NA,NA,NA,NA,NA,NA,NA,NA,NA,NA,NA,NA,NA,NA,NA,NA,NA,NA,NA,NA,NA,NA,NA,NA,NA,NA,NA,NA,NA,NA,NA,NA,NA,NA,NA,NA,NA,NA,NA,NA,NA,NA,NA,NA,NA,NA
"Israel","ISR","Net migration","SM.POP.NETM",NA,NA,208759,NA,NA,NA,NA,72440,NA,NA,NA,NA,165879,NA,NA,NA,NA,62546,NA,NA,NA,NA,2604,NA,NA,NA,NA,65418,NA,NA,NA,NA,456923,NA,NA,NA,NA,245334,NA,NA,NA,NA,102935,NA,NA,NA,NA,273635,NA,NA,NA,NA,19497,NA,NA,NA,NA,50002,NA,NA
"Italy","ITA","Net migration","SM.POP.NETM",NA,NA,-231607,NA,NA,NA,NA,-231781,NA,NA,NA,NA,19396,NA,NA,NA,NA,164927,NA,NA,NA,NA,266352,NA,NA,NA,NA,-10058,NA,NA,NA,NA,152825,NA,NA,NA,NA,223974,NA,NA,NA,NA,1624300,NA,NA,NA,NA,1006308,NA,NA,NA,NA,264145,NA,NA,NA,NA,350000,NA,NA
"Jamaica","JAM","Net migration","SM.POP.NETM",NA,NA,-144764,NA,NA,NA,NA,-151557,NA,NA,NA,NA,-92857,NA,NA,NA,NA,-101213,NA,NA,NA,NA,-73916,NA,NA,NA,NA,-145996,NA,NA,NA,NA,-101198,NA,NA,NA,NA,-82801,NA,NA,NA,NA,-84638,NA,NA,NA,NA,-87395,NA,NA,NA,NA,-93096,NA,NA,NA,NA,-93000,NA,NA
"Japan","JPN","Net migration","SM.POP.NETM",NA,NA,-151351,NA,NA,NA,NA,819220,NA,NA,NA,NA,727596,NA,NA,NA,NA,205006,NA,NA,NA,NA,50002,NA,NA,NA,NA,-298339,NA,NA,NA,NA,46286,NA,NA,NA,NA,-100333,NA,NA,NA,NA,164199,NA,NA,NA,NA,277580,NA,NA,NA,NA,358133,NA,NA,NA,NA,250000,NA,NA
"Jordan","JOR","Net migration","SM.POP.NETM",NA,NA,35715,NA,NA,NA,NA,254352,NA,NA,NA,NA,-29706,NA,NA,NA,NA,-80758,NA,NA,NA,NA,81657,NA,NA,NA,NA,170602,NA,NA,NA,NA,412472,NA,NA,NA,NA,-150147,NA,NA,NA,NA,-93897,NA,NA,NA,NA,649997,NA,NA,NA,NA,975285,NA,NA,NA,NA,0,NA,NA
"Kazakhstan","KAZ","Net migration","SM.POP.NETM",NA,NA,691681,NA,NA,NA,NA,173343,NA,NA,NA,NA,-128101,NA,NA,NA,NA,-412067,NA,NA,NA,NA,-429797,NA,NA,NA,NA,-656091,NA,NA,NA,NA,-1411744,NA,NA,NA,NA,-1324984,NA,NA,NA,NA,44530,NA,NA,NA,NA,-35196,NA,NA,NA,NA,159807,NA,NA,NA,NA,0,NA,NA
"Kenya","KEN","Net migration","SM.POP.NETM",NA,NA,-20000,NA,NA,NA,NA,-19535,NA,NA,NA,NA,-17915,NA,NA,NA,NA,-2930,NA,NA,NA,NA,3805,NA,NA,NA,NA,5023,NA,NA,NA,NA,221569,NA,NA,NA,NA,-21386,NA,NA,NA,NA,25144,NA,NA,NA,NA,-189330,NA,NA,NA,NA,-50000,NA,NA,NA,NA,-50000,NA,NA
"Kiribati","KIR","Net migration","SM.POP.NETM",NA,NA,-1219,NA,NA,NA,NA,-1274,NA,NA,NA,NA,-1500,NA,NA,NA,NA,-2576,NA,NA,NA,NA,-3112,NA,NA,NA,NA,-766,NA,NA,NA,NA,-4598,NA,NA,NA,NA,-2977,NA,NA,NA,NA,-2039,NA,NA,NA,NA,-578,NA,NA,NA,NA,-2130,NA,NA,NA,NA,-2126,NA,NA
"Korea, Dem. Peopleâ€™s Rep.","PRK","Net migration","SM.POP.NETM",NA,NA,0,NA,NA,NA,NA,0,NA,NA,NA,NA,0,NA,NA,NA,NA,0,NA,NA,NA,NA,0,NA,NA,NA,NA,0,NA,NA,NA,NA,0,NA,NA,NA,NA,-13932,NA,NA,NA,NA,-17190,NA,NA,NA,NA,-24681,NA,NA,NA,NA,-27013,NA,NA,NA,NA,-10156,NA,NA
"Korea, Rep.","KOR","Net migration","SM.POP.NETM",NA,NA,39834,NA,NA,NA,NA,-48644,NA,NA,NA,NA,-209905,NA,NA,NA,NA,-165144,NA,NA,NA,NA,93035,NA,NA,NA,NA,170623,NA,NA,NA,NA,71504,NA,NA,NA,NA,159339,NA,NA,NA,NA,81291,NA,NA,NA,NA,-156535,NA,NA,NA,NA,169634,NA,NA,NA,NA,200000,NA,NA
"Kosovo","XKX","Net migration","SM.POP.NETM",NA,NA,NA,NA,NA,NA,NA,NA,NA,NA,NA,NA,NA,NA,NA,NA,NA,NA,NA,NA,NA,NA,NA,NA,NA,NA,NA,NA,NA,NA,NA,NA,NA,NA,NA,NA,NA,NA,NA,NA,NA,NA,NA,NA,NA,NA,NA,NA,NA,NA,NA,NA,NA,NA,NA,NA,NA,NA,NA,NA
"Kuwait","KWT","Net migration","SM.POP.NETM",NA,NA,137000,NA,NA,NA,NA,146600,NA,NA,NA,NA,95836,NA,NA,NA,NA,141100,NA,NA,NA,NA,115340,NA,NA,NA,NA,119768,NA,NA,NA,NA,-655000,NA,NA,NA,NA,242000,NA,NA,NA,NA,26500,NA,NA,NA,NA,479500,NA,NA,NA,NA,670000,NA,NA,NA,NA,100000,NA,NA
"Kyrgyz Republic","KGZ","Net migration","SM.POP.NETM",NA,NA,103107,NA,NA,NA,NA,104185,NA,NA,NA,NA,-12065,NA,NA,NA,NA,-45839,NA,NA,NA,NA,-54162,NA,NA,NA,NA,-126883,NA,NA,NA,NA,-276249,NA,NA,NA,NA,-27268,NA,NA,NA,NA,-172911,NA,NA,NA,NA,-76604,NA,NA,NA,NA,-137902,NA,NA,NA,NA,-100001,NA,NA
"Lao PDR","LAO","Net migration","SM.POP.NETM",NA,NA,76,NA,NA,NA,NA,30,NA,NA,NA,NA,46,NA,NA,NA,NA,-198756,NA,NA,NA,NA,-35110,NA,NA,NA,NA,138,NA,NA,NA,NA,-60567,NA,NA,NA,NA,-134746,NA,NA,NA,NA,-148100,NA,NA,NA,NA,-110258,NA,NA,NA,NA,-177488,NA,NA,NA,NA,-73518,NA,NA
"Late-demographic dividend","LTE","Net migration","SM.POP.NETM",NA,NA,-2619681,NA,NA,NA,NA,-1908084,NA,NA,NA,NA,-2416541,NA,NA,NA,NA,-1567437,NA,NA,NA,NA,-1320775,NA,NA,NA,NA,-1829528,NA,NA,NA,NA,-4364603,NA,NA,NA,NA,-1602163,NA,NA,NA,NA,-1316001,NA,NA,NA,NA,1433173,NA,NA,NA,NA,1549148,NA,NA,NA,NA,-1098140,NA,NA
"Latin America & Caribbean","LCN","Net migration","SM.POP.NETM",NA,NA,-1455707,NA,NA,NA,NA,-1954117,NA,NA,NA,NA,-2275443,NA,NA,NA,NA,-3233543,NA,NA,NA,NA,-3514057,NA,NA,NA,NA,-3797563,NA,NA,NA,NA,-3328369,NA,NA,NA,NA,-4886307,NA,NA,NA,NA,-5627335,NA,NA,NA,NA,-2497683,NA,NA,NA,NA,-1833113,NA,NA,NA,NA,-1671839,NA,NA
"Latin America & Caribbean (excluding high income)","LAC","Net migration","SM.POP.NETM",NA,NA,-1360209,NA,NA,NA,NA,-1796043,NA,NA,NA,NA,-2277692,NA,NA,NA,NA,-2781361,NA,NA,NA,NA,-3437015,NA,NA,NA,NA,-3753252,NA,NA,NA,NA,-3318745,NA,NA,NA,NA,-4736477,NA,NA,NA,NA,-5337998,NA,NA,NA,NA,-2319942,NA,NA,NA,NA,-1848874,NA,NA,NA,NA,-1731412,NA,NA
"Latin America & the Caribbean (IDA & IBRD countries)","TLA","Net migration","SM.POP.NETM",NA,NA,-1155769,NA,NA,NA,NA,-1566506,NA,NA,NA,NA,-2040736,NA,NA,NA,NA,-3036400,NA,NA,NA,NA,-3176351,NA,NA,NA,NA,-3636299,NA,NA,NA,NA,-3202492,NA,NA,NA,NA,-4704511,NA,NA,NA,NA,-5346329,NA,NA,NA,NA,-2205983,NA,NA,NA,NA,-1671733,NA,NA,NA,NA,-1500234,NA,NA
"Latvia","LVA","Net migration","SM.POP.NETM",NA,NA,79651,NA,NA,NA,NA,70780,NA,NA,NA,NA,54668,NA,NA,NA,NA,36327,NA,NA,NA,NA,30762,NA,NA,NA,NA,41910,NA,NA,NA,NA,-116474,NA,NA,NA,NA,-46601,NA,NA,NA,NA,-72490,NA,NA,NA,NA,-86594,NA,NA,NA,NA,-83325,NA,NA,NA,NA,-50000,NA,NA
"Least developed countries: UN classification","LDC","Net migration","SM.POP.NETM",NA,NA,-887150,NA,NA,NA,NA,-910978,NA,NA,NA,NA,-4714401,NA,NA,NA,NA,-4014041,NA,NA,NA,NA,-5916591,NA,NA,NA,NA,-3673528,NA,NA,NA,NA,1156580,NA,NA,NA,NA,-3923419,NA,NA,NA,NA,-4028366,NA,NA,NA,NA,-9450809,NA,NA,NA,NA,-5849388,NA,NA,NA,NA,-5247506,NA,NA
"Lebanon","LBN","Net migration","SM.POP.NETM",NA,NA,20000,NA,NA,NA,NA,-70002,NA,NA,NA,NA,-10000,NA,NA,NA,NA,-270000,NA,NA,NA,NA,-214381,NA,NA,NA,NA,-228040,NA,NA,NA,NA,90000,NA,NA,NA,NA,-29428,NA,NA,NA,NA,550110,NA,NA,NA,NA,183370,NA,NA,NA,NA,1250000,NA,NA,NA,NA,-150000,NA,NA
"Lesotho","LSO","Net migration","SM.POP.NETM",NA,NA,-25000,NA,NA,NA,NA,-22400,NA,NA,NA,NA,-24048,NA,NA,NA,NA,-6538,NA,NA,NA,NA,-25760,NA,NA,NA,NA,-62682,NA,NA,NA,NA,-46345,NA,NA,NA,NA,-74427,NA,NA,NA,NA,-40000,NA,NA,NA,NA,-40000,NA,NA,NA,NA,-25000,NA,NA,NA,NA,-19998,NA,NA
"Liberia","LBR","Net migration","SM.POP.NETM",NA,NA,7996,NA,NA,NA,NA,7996,NA,NA,NA,NA,10996,NA,NA,NA,NA,11949,NA,NA,NA,NA,0,NA,NA,NA,NA,-400000,NA,NA,NA,NA,-300000,NA,NA,NA,NA,450000,NA,NA,NA,NA,-50000,NA,NA,NA,NA,175585,NA,NA,NA,NA,-20000,NA,NA,NA,NA,-25000,NA,NA
"Libya","LBY","Net migration","SM.POP.NETM",NA,NA,45891,NA,NA,NA,NA,48002,NA,NA,NA,NA,58665,NA,NA,NA,NA,57534,NA,NA,NA,NA,113380,NA,NA,NA,NA,5490,NA,NA,NA,NA,3965,NA,NA,NA,NA,-57368,NA,NA,NA,NA,-20569,NA,NA,NA,NA,-118555,NA,NA,NA,NA,-433403,NA,NA,NA,NA,-9997,NA,NA
"Liechtenstein","LIE","Net migration","SM.POP.NETM",NA,NA,NA,NA,NA,NA,NA,NA,NA,NA,NA,NA,NA,NA,NA,NA,NA,NA,NA,NA,NA,NA,NA,NA,NA,NA,NA,NA,NA,NA,NA,NA,NA,NA,NA,NA,NA,NA,NA,NA,NA,NA,NA,NA,NA,NA,NA,NA,NA,NA,NA,NA,NA,NA,NA,NA,NA,NA,NA,NA
"Lithuania","LTU","Net migration","SM.POP.NETM",NA,NA,24715,NA,NA,NA,NA,26314,NA,NA,NA,NA,37782,NA,NA,NA,NA,38815,NA,NA,NA,NA,43804,NA,NA,NA,NA,36863,NA,NA,NA,NA,-100301,NA,NA,NA,NA,-93925,NA,NA,NA,NA,-99104,NA,NA,NA,NA,-150930,NA,NA,NA,NA,-146217,NA,NA,NA,NA,-25000,NA,NA
"Low & middle income","LMY","Net migration","SM.POP.NETM",NA,NA,-4334865,NA,NA,NA,NA,-4594171,NA,NA,NA,NA,-7939927,NA,NA,NA,NA,-7360613,NA,NA,NA,NA,-7024473,NA,NA,NA,NA,-9095727,NA,NA,NA,NA,-11144923,NA,NA,NA,NA,-14264386,NA,NA,NA,NA,-18227834,NA,NA,NA,NA,-22296592,NA,NA,NA,NA,-15873728,NA,NA,NA,NA,-14639694,NA,NA
"Low income","LIC","Net migration","SM.POP.NETM",NA,NA,-611424,NA,NA,NA,NA,-311272,NA,NA,NA,NA,-1733345,NA,NA,NA,NA,-3181365,NA,NA,NA,NA,-5456080,NA,NA,NA,NA,-3289664,NA,NA,NA,NA,1196162,NA,NA,NA,NA,-2594875,NA,NA,NA,NA,-1397124,NA,NA,NA,NA,-2792486,NA,NA,NA,NA,-6481500,NA,NA,NA,NA,-3675622,NA,NA
"Lower middle income","LMC","Net migration","SM.POP.NETM",NA,NA,-151925,NA,NA,NA,NA,-2029344,NA,NA,NA,NA,-2600873,NA,NA,NA,NA,-1552302,NA,NA,NA,NA,-823346,NA,NA,NA,NA,-2898608,NA,NA,NA,NA,-5876922,NA,NA,NA,NA,-7974776,NA,NA,NA,NA,-12139540,NA,NA,NA,NA,-16983797,NA,NA,NA,NA,-12173175,NA,NA,NA,NA,-10438795,NA,NA
"Luxembourg","LUX","Net migration","SM.POP.NETM",NA,NA,8527,NA,NA,NA,NA,5918,NA,NA,NA,NA,15284,NA,NA,NA,NA,11846,NA,NA,NA,NA,2552,NA,NA,NA,NA,12831,NA,NA,NA,NA,20040,NA,NA,NA,NA,19940,NA,NA,NA,NA,14473,NA,NA,NA,NA,42279,NA,NA,NA,NA,48704,NA,NA,NA,NA,25001,NA,NA
"Macao SAR, China","MAC","Net migration","SM.POP.NETM",NA,NA,19062,NA,NA,NA,NA,33602,NA,NA,NA,NA,-10972,NA,NA,NA,NA,-10034,NA,NA,NA,NA,25146,NA,NA,NA,NA,33466,NA,NA,NA,NA,21845,NA,NA,NA,NA,27867,NA,NA,NA,NA,46284,NA,NA,NA,NA,42381,NA,NA,NA,NA,42350,NA,NA,NA,NA,25000,NA,NA
"Madagascar","MDG","Net migration","SM.POP.NETM",NA,NA,0,NA,NA,NA,NA,-8000,NA,NA,NA,NA,-19000,NA,NA,NA,NA,-30000,NA,NA,NA,NA,-10000,NA,NA,NA,NA,-10000,NA,NA,NA,NA,-9500,NA,NA,NA,NA,-8500,NA,NA,NA,NA,-7500,NA,NA,NA,NA,-7500,NA,NA,NA,NA,-7500,NA,NA,NA,NA,-7500,NA,NA
"Malawi","MWI","Net migration","SM.POP.NETM",NA,NA,-61928,NA,NA,NA,NA,-61928,NA,NA,NA,NA,-52404,NA,NA,NA,NA,-33348,NA,NA,NA,NA,-28605,NA,NA,NA,NA,893196,NA,NA,NA,NA,-938900,NA,NA,NA,NA,-36820,NA,NA,NA,NA,-36820,NA,NA,NA,NA,-36820,NA,NA,NA,NA,-30000,NA,NA,NA,NA,-60000,NA,NA
"Malaysia","MYS","Net migration","SM.POP.NETM",NA,NA,-48864,NA,NA,NA,NA,-134701,NA,NA,NA,NA,-131509,NA,NA,NA,NA,-6950,NA,NA,NA,NA,-71370,NA,NA,NA,NA,435408,NA,NA,NA,NA,298812,NA,NA,NA,NA,494721,NA,NA,NA,NA,645533,NA,NA,NA,NA,711297,NA,NA,NA,NA,781650,NA,NA,NA,NA,250000,NA,NA
"Maldives","MDV","Net migration","SM.POP.NETM",NA,NA,-581,NA,NA,NA,NA,-2904,NA,NA,NA,NA,2415,NA,NA,NA,NA,0,NA,NA,NA,NA,0,NA,NA,NA,NA,-2605,NA,NA,NA,NA,-3072,NA,NA,NA,NA,-1100,NA,NA,NA,NA,13811,NA,NA,NA,NA,17994,NA,NA,NA,NA,21916,NA,NA,NA,NA,9758,NA,NA
"Mali","MLI","Net migration","SM.POP.NETM",NA,NA,-70243,NA,NA,NA,NA,-98235,NA,NA,NA,NA,-95585,NA,NA,NA,NA,-174998,NA,NA,NA,NA,-218064,NA,NA,NA,NA,-480652,NA,NA,NA,NA,-173489,NA,NA,NA,NA,-141950,NA,NA,NA,NA,-67110,NA,NA,NA,NA,-100823,NA,NA,NA,NA,-302449,NA,NA,NA,NA,-200000,NA,NA
"Malta","MLT","Net migration","SM.POP.NETM",NA,NA,-11710,NA,NA,NA,NA,-12601,NA,NA,NA,NA,-9682,NA,NA,NA,NA,-4843,NA,NA,NA,NA,2856,NA,NA,NA,NA,1159,NA,NA,NA,NA,3787,NA,NA,NA,NA,6378,NA,NA,NA,NA,5521,NA,NA,NA,NA,6630,NA,NA,NA,NA,9447,NA,NA,NA,NA,4501,NA,NA
"Marshall Islands","MHL","Net migration","SM.POP.NETM",NA,NA,NA,NA,NA,NA,NA,NA,NA,NA,NA,NA,NA,NA,NA,NA,NA,NA,NA,NA,NA,NA,NA,NA,NA,NA,NA,NA,NA,NA,NA,NA,NA,NA,NA,NA,NA,NA,NA,NA,NA,NA,NA,NA,NA,NA,NA,NA,NA,NA,NA,NA,NA,NA,NA,NA,NA,NA,NA,NA
"Mauritania","MRT","Net migration","SM.POP.NETM",NA,NA,-1820,NA,NA,NA,NA,-2760,NA,NA,NA,NA,-5950,NA,NA,NA,NA,-9700,NA,NA,NA,NA,-16100,NA,NA,NA,NA,-30300,NA,NA,NA,NA,-29997,NA,NA,NA,NA,13000,NA,NA,NA,NA,7004,NA,NA,NA,NA,10005,NA,NA,NA,NA,40000,NA,NA,NA,NA,25502,NA,NA
"Mauritius","MUS","Net migration","SM.POP.NETM",NA,NA,-30869,NA,NA,NA,NA,-29156,NA,NA,NA,NA,-20463,NA,NA,NA,NA,-20617,NA,NA,NA,NA,-21632,NA,NA,NA,NA,-35977,NA,NA,NA,NA,-5611,NA,NA,NA,NA,-8858,NA,NA,NA,NA,-19372,NA,NA,NA,NA,-12079,NA,NA,NA,NA,-12079,NA,NA,NA,NA,0,NA,NA
"Mexico","MEX","Net migration","SM.POP.NETM",NA,NA,-411004,NA,NA,NA,NA,-620001,NA,NA,NA,NA,-899999,NA,NA,NA,NA,-1186998,NA,NA,NA,NA,-1519000,NA,NA,NA,NA,-1785998,NA,NA,NA,NA,-1302868,NA,NA,NA,NA,-2354719,NA,NA,NA,NA,-2911437,NA,NA,NA,NA,-246002,NA,NA,NA,NA,-300000,NA,NA,NA,NA,-300000,NA,NA
"Micronesia, Fed. Sts.","FSM","Net migration","SM.POP.NETM",NA,NA,0,NA,NA,NA,NA,0,NA,NA,NA,NA,-7997,NA,NA,NA,NA,-548,NA,NA,NA,NA,0,NA,NA,NA,NA,-2461,NA,NA,NA,NA,-2234,NA,NA,NA,NA,-13618,NA,NA,NA,NA,-12850,NA,NA,NA,NA,-12132,NA,NA,NA,NA,-8192,NA,NA,NA,NA,-6000,NA,NA
"Middle East & North Africa","MEA","Net migration","SM.POP.NETM",NA,NA,-301401,NA,NA,NA,NA,-723080,NA,NA,NA,NA,-645140,NA,NA,NA,NA,257733,NA,NA,NA,NA,2789225,NA,NA,NA,NA,1100609,NA,NA,NA,NA,-1960076,NA,NA,NA,NA,-257538,NA,NA,NA,NA,744774,NA,NA,NA,NA,5148017,NA,NA,NA,NA,1023970,NA,NA,NA,NA,-330734,NA,NA
"Middle East & North Africa (excluding high income)","MNA","Net migration","SM.POP.NETM",NA,NA,-801519,NA,NA,NA,NA,-1178377,NA,NA,NA,NA,-1733108,NA,NA,NA,NA,-1303996,NA,NA,NA,NA,905809,NA,NA,NA,NA,-158672,NA,NA,NA,NA,-2123960,NA,NA,NA,NA,-761016,NA,NA,NA,NA,-1665598,NA,NA,NA,NA,-1318048,NA,NA,NA,NA,-3206474,NA,NA,NA,NA,-2416237,NA,NA
"Middle East & North Africa (IDA & IBRD countries)","TMN","Net migration","SM.POP.NETM",NA,NA,-723877,NA,NA,NA,NA,-894743,NA,NA,NA,NA,-1700859,NA,NA,NA,NA,-1220296,NA,NA,NA,NA,967257,NA,NA,NA,NA,-119320,NA,NA,NA,NA,-2158961,NA,NA,NA,NA,-831017,NA,NA,NA,NA,-1475598,NA,NA,NA,NA,-1228047,NA,NA,NA,NA,-3162723,NA,NA,NA,NA,-2383421,NA,NA
"Middle income","MIC","Net migration","SM.POP.NETM",NA,NA,-3723441,NA,NA,NA,NA,-4282899,NA,NA,NA,NA,-6206582,NA,NA,NA,NA,-4179248,NA,NA,NA,NA,-1568393,NA,NA,NA,NA,-5806063,NA,NA,NA,NA,-12341085,NA,NA,NA,NA,-11669511,NA,NA,NA,NA,-16830710,NA,NA,NA,NA,-19504106,NA,NA,NA,NA,-9392228,NA,NA,NA,NA,-10964072,NA,NA
"Moldova","MDA","Net migration","SM.POP.NETM",NA,NA,100890,NA,NA,NA,NA,74449,NA,NA,NA,NA,55824,NA,NA,NA,NA,-26414,NA,NA,NA,NA,-9185,NA,NA,NA,NA,-84531,NA,NA,NA,NA,-131953,NA,NA,NA,NA,-165309,NA,NA,NA,NA,-12079,NA,NA,NA,NA,-47911,NA,NA,NA,NA,-9529,NA,NA,NA,NA,-14318,NA,NA
"Monaco","MCO","Net migration","SM.POP.NETM",NA,NA,NA,NA,NA,NA,NA,NA,NA,NA,NA,NA,NA,NA,NA,NA,NA,NA,NA,NA,NA,NA,NA,NA,NA,NA,NA,NA,NA,NA,NA,NA,NA,NA,NA,NA,NA,NA,NA,NA,NA,NA,NA,NA,NA,NA,NA,NA,NA,NA,NA,NA,NA,NA,NA,NA,NA,NA,NA,NA
"Mongolia","MNG","Net migration","SM.POP.NETM",NA,NA,0,NA,NA,NA,NA,0,NA,NA,NA,NA,0,NA,NA,NA,NA,0,NA,NA,NA,NA,0,NA,NA,NA,NA,0,NA,NA,NA,NA,-88432,NA,NA,NA,NA,-52463,NA,NA,NA,NA,-15001,NA,NA,NA,NA,-15001,NA,NA,NA,NA,-15001,NA,NA,NA,NA,-15001,NA,NA
"Montenegro","MNE","Net migration","SM.POP.NETM",NA,NA,-2001,NA,NA,NA,NA,-53773,NA,NA,NA,NA,-2001,NA,NA,NA,NA,-7401,NA,NA,NA,NA,-2001,NA,NA,NA,NA,-29965,NA,NA,NA,NA,-20249,NA,NA,NA,NA,-21588,NA,NA,NA,NA,-7999,NA,NA,NA,NA,-683,NA,NA,NA,NA,-3112,NA,NA,NA,NA,-2400,NA,NA
"Morocco","MAR","Net migration","SM.POP.NETM",NA,NA,-240922,NA,NA,NA,NA,-477753,NA,NA,NA,NA,-497677,NA,NA,NA,NA,-293328,NA,NA,NA,NA,-320659,NA,NA,NA,NA,-418575,NA,NA,NA,NA,-466627,NA,NA,NA,NA,-559380,NA,NA,NA,NA,-654821,NA,NA,NA,NA,-565140,NA,NA,NA,NA,-307108,NA,NA,NA,NA,-257096,NA,NA
"Mozambique","MOZ","Net migration","SM.POP.NETM",NA,NA,-23500,NA,NA,NA,NA,-23500,NA,NA,NA,NA,-23500,NA,NA,NA,NA,87373,NA,NA,NA,NA,-373366,NA,NA,NA,NA,-1300000,NA,NA,NA,NA,650000,NA,NA,NA,NA,-50000,NA,NA,NA,NA,30004,NA,NA,NA,NA,-40000,NA,NA,NA,NA,-25000,NA,NA,NA,NA,-25000,NA,NA
"Myanmar","MMR","Net migration","SM.POP.NETM",NA,NA,0,NA,NA,NA,NA,0,NA,NA,NA,NA,0,NA,NA,NA,NA,0,NA,NA,NA,NA,-54656,NA,NA,NA,NA,-200000,NA,NA,NA,NA,-699993,NA,NA,NA,NA,-537998,NA,NA,NA,NA,-1247687,NA,NA,NA,NA,-1466799,NA,NA,NA,NA,-474278,NA,NA,NA,NA,-99998,NA,NA
"Namibia","NAM","Net migration","SM.POP.NETM",NA,NA,0,NA,NA,NA,NA,-870,NA,NA,NA,NA,-2825,NA,NA,NA,NA,-44585,NA,NA,NA,NA,-29139,NA,NA,NA,NA,74791,NA,NA,NA,NA,23492,NA,NA,NA,NA,35497,NA,NA,NA,NA,-50000,NA,NA,NA,NA,-50000,NA,NA,NA,NA,-1371,NA,NA,NA,NA,-2236,NA,NA
"Nauru","NRU","Net migration","SM.POP.NETM",NA,NA,NA,NA,NA,NA,NA,NA,NA,NA,NA,NA,NA,NA,NA,NA,NA,NA,NA,NA,NA,NA,NA,NA,NA,NA,NA,NA,NA,NA,NA,NA,NA,NA,NA,NA,NA,NA,NA,NA,NA,NA,NA,NA,NA,NA,NA,NA,NA,NA,NA,NA,NA,NA,NA,NA,NA,NA,NA,NA
"Nepal","NPL","Net migration","SM.POP.NETM",NA,NA,-70000,NA,NA,NA,NA,-21075,NA,NA,NA,NA,-5799,NA,NA,NA,NA,-41002,NA,NA,NA,NA,-101147,NA,NA,NA,NA,-216407,NA,NA,NA,NA,76064,NA,NA,NA,NA,-464703,NA,NA,NA,NA,-797844,NA,NA,NA,NA,-1023896,NA,NA,NA,NA,-372369,NA,NA,NA,NA,-350000,NA,NA
"Netherlands","NLD","Net migration","SM.POP.NETM",NA,NA,11589,NA,NA,NA,NA,54636,NA,NA,NA,NA,186745,NA,NA,NA,NA,145804,NA,NA,NA,NA,71525,NA,NA,NA,NA,139748,NA,NA,NA,NA,186409,NA,NA,NA,NA,178553,NA,NA,NA,NA,146020,NA,NA,NA,NA,65713,NA,NA,NA,NA,62687,NA,NA,NA,NA,80000,NA,NA
"New Caledonia","NCL","Net migration","SM.POP.NETM",NA,NA,3347,NA,NA,NA,NA,1406,NA,NA,NA,NA,8190,NA,NA,NA,NA,30,NA,NA,NA,NA,-3292,NA,NA,NA,NA,-488,NA,NA,NA,NA,4435,NA,NA,NA,NA,6071,NA,NA,NA,NA,4771,NA,NA,NA,NA,4234,NA,NA,NA,NA,5660,NA,NA,NA,NA,5664,NA,NA
"New Zealand","NZL","Net migration","SM.POP.NETM",NA,NA,54391,NA,NA,NA,NA,-2624,NA,NA,NA,NA,76678,NA,NA,NA,NA,-74794,NA,NA,NA,NA,-2908,NA,NA,NA,NA,-9418,NA,NA,NA,NA,118016,NA,NA,NA,NA,42584,NA,NA,NA,NA,134629,NA,NA,NA,NA,62413,NA,NA,NA,NA,90895,NA,NA,NA,NA,74403,NA,NA
"Nicaragua","NIC","Net migration","SM.POP.NETM",NA,NA,-14003,NA,NA,NA,NA,-18997,NA,NA,NA,NA,-37999,NA,NA,NA,NA,-58001,NA,NA,NA,NA,-110002,NA,NA,NA,NA,-150001,NA,NA,NA,NA,-120001,NA,NA,NA,NA,-145000,NA,NA,NA,NA,-173998,NA,NA,NA,NA,-155000,NA,NA,NA,NA,-135000,NA,NA,NA,NA,-106342,NA,NA
"Niger","NER","Net migration","SM.POP.NETM",NA,NA,-11545,NA,NA,NA,NA,-11545,NA,NA,NA,NA,-13763,NA,NA,NA,NA,-18138,NA,NA,NA,NA,-92946,NA,NA,NA,NA,-91917,NA,NA,NA,NA,-2679,NA,NA,NA,NA,24056,NA,NA,NA,NA,-28497,NA,NA,NA,NA,-28497,NA,NA,NA,NA,-28497,NA,NA,NA,NA,-28497,NA,NA
"Nigeria","NGA","Net migration","SM.POP.NETM",NA,NA,1021,NA,NA,NA,NA,-43347,NA,NA,NA,NA,-38526,NA,NA,NA,NA,854649,NA,NA,NA,NA,-671640,NA,NA,NA,NA,-91407,NA,NA,NA,NA,-95769,NA,NA,NA,NA,-95027,NA,NA,NA,NA,-170000,NA,NA,NA,NA,-300000,NA,NA,NA,NA,-300000,NA,NA,NA,NA,-300000,NA,NA
"North America","NAC","Net migration","SM.POP.NETM",NA,NA,2007340,NA,NA,NA,NA,2157993,NA,NA,NA,NA,3712023,NA,NA,NA,NA,4364838,NA,NA,NA,NA,3778389,NA,NA,NA,NA,4303753,NA,NA,NA,NA,5215572,NA,NA,NA,NA,9373685,NA,NA,NA,NA,6233240,NA,NA,NA,NA,6263594,NA,NA,NA,NA,5645721,NA,NA,NA,NA,5600000,NA,NA
"North Macedonia","MKD","Net migration","SM.POP.NETM",NA,NA,-40940,NA,NA,NA,NA,-28981,NA,NA,NA,NA,-61002,NA,NA,NA,NA,-14749,NA,NA,NA,NA,-72752,NA,NA,NA,NA,-98818,NA,NA,NA,NA,-100107,NA,NA,NA,NA,-4999,NA,NA,NA,NA,-14572,NA,NA,NA,NA,-7399,NA,NA,NA,NA,-8853,NA,NA,NA,NA,-4999,NA,NA
"Northern Mariana Islands","MNP","Net migration","SM.POP.NETM",NA,NA,NA,NA,NA,NA,NA,NA,NA,NA,NA,NA,NA,NA,NA,NA,NA,NA,NA,NA,NA,NA,NA,NA,NA,NA,NA,NA,NA,NA,NA,NA,NA,NA,NA,NA,NA,NA,NA,NA,NA,NA,NA,NA,NA,NA,NA,NA,NA,NA,NA,NA,NA,NA,NA,NA,NA,NA,NA,NA
"Norway","NOR","Net migration","SM.POP.NETM",NA,NA,-2274,NA,NA,NA,NA,4178,NA,NA,NA,NA,15870,NA,NA,NA,NA,20728,NA,NA,NA,NA,24805,NA,NA,NA,NA,38715,NA,NA,NA,NA,46903,NA,NA,NA,NA,58773,NA,NA,NA,NA,67400,NA,NA,NA,NA,163433,NA,NA,NA,NA,221814,NA,NA,NA,NA,140000,NA,NA
"Not classified","INX","Net migration","SM.POP.NETM",NA,NA,NA,NA,NA,NA,NA,NA,NA,NA,NA,NA,NA,NA,NA,NA,NA,NA,NA,NA,NA,NA,NA,NA,NA,NA,NA,NA,NA,NA,NA,NA,NA,NA,NA,NA,NA,NA,NA,NA,NA,NA,NA,NA,NA,NA,NA,NA,NA,NA,NA,NA,NA,NA,NA,NA,NA,NA,NA,NA
"OECD members","OED","Net migration","SM.POP.NETM",NA,NA,3319734,NA,NA,NA,NA,2958796,NA,NA,NA,NA,5848635,NA,NA,NA,NA,4561950,NA,NA,NA,NA,3229234,NA,NA,NA,NA,5487450,NA,NA,NA,NA,9806326,NA,NA,NA,NA,11418396,NA,NA,NA,NA,12384153,NA,NA,NA,NA,15211742,NA,NA,NA,NA,12486403,NA,NA,NA,NA,13232046,NA,NA
"Oman","OMN","Net migration","SM.POP.NETM",NA,NA,-10000,NA,NA,NA,NA,-5000,NA,NA,NA,NA,25470,NA,NA,NA,NA,76409,NA,NA,NA,NA,81500,NA,NA,NA,NA,11169,NA,NA,NA,NA,104700,NA,NA,NA,NA,-193372,NA,NA,NA,NA,15000,NA,NA,NA,NA,267000,NA,NA,NA,NA,817500,NA,NA,NA,NA,605000,NA,NA
"Other small states","OSS","Net migration","SM.POP.NETM",NA,NA,-85326,NA,NA,NA,NA,-36962,NA,NA,NA,NA,-34374,NA,NA,NA,NA,-88296,NA,NA,NA,NA,63878,NA,NA,NA,NA,162817,NA,NA,NA,NA,-308116,NA,NA,NA,NA,-133012,NA,NA,NA,NA,320214,NA,NA,NA,NA,1097149,NA,NA,NA,NA,743771,NA,NA,NA,NA,446398,NA,NA
"Pacific island small states","PSS","Net migration","SM.POP.NETM",NA,NA,2297,NA,NA,NA,NA,-17349,NA,NA,NA,NA,-39393,NA,NA,NA,NA,-48858,NA,NA,NA,NA,-48024,NA,NA,NA,NA,-104291,NA,NA,NA,NA,-68700,NA,NA,NA,NA,-92620,NA,NA,NA,NA,-105941,NA,NA,NA,NA,-75792,NA,NA,NA,NA,-71074,NA,NA,NA,NA,-56855,NA,NA
"Pakistan","PAK","Net migration","SM.POP.NETM",NA,NA,-93268,NA,NA,NA,NA,-209978,NA,NA,NA,NA,-138106,NA,NA,NA,NA,700000,NA,NA,NA,NA,1395238,NA,NA,NA,NA,139790,NA,NA,NA,NA,-1003727,NA,NA,NA,NA,-728632,NA,NA,NA,NA,-671488,NA,NA,NA,NA,-1396377,NA,NA,NA,NA,-1181920,NA,NA,NA,NA,-1071778,NA,NA
"Palau","PLW","Net migration","SM.POP.NETM",NA,NA,NA,NA,NA,NA,NA,NA,NA,NA,NA,NA,NA,NA,NA,NA,NA,NA,NA,NA,NA,NA,NA,NA,NA,NA,NA,NA,NA,NA,NA,NA,NA,NA,NA,NA,NA,NA,NA,NA,NA,NA,NA,NA,NA,NA,NA,NA,NA,NA,NA,NA,NA,NA,NA,NA,NA,NA,NA,NA
"Panama","PAN","Net migration","SM.POP.NETM",NA,NA,-11928,NA,NA,NA,NA,-12692,NA,NA,NA,NA,-12288,NA,NA,NA,NA,-14077,NA,NA,NA,NA,-12704,NA,NA,NA,NA,-9395,NA,NA,NA,NA,1954,NA,NA,NA,NA,9797,NA,NA,NA,NA,16119,NA,NA,NA,NA,22244,NA,NA,NA,NA,28105,NA,NA,NA,NA,31448,NA,NA
"Papua New Guinea","PNG","Net migration","SM.POP.NETM",NA,NA,-5997,NA,NA,NA,NA,2001,NA,NA,NA,NA,-5000,NA,NA,NA,NA,-3998,NA,NA,NA,NA,-3000,NA,NA,NA,NA,-1996,NA,NA,NA,NA,-1996,NA,NA,NA,NA,-1996,NA,NA,NA,NA,-1001,NA,NA,NA,NA,-1001,NA,NA,NA,NA,-1001,NA,NA,NA,NA,-1001,NA,NA
"Paraguay","PRY","Net migration","SM.POP.NETM",NA,NA,-70580,NA,NA,NA,NA,-65825,NA,NA,NA,NA,-58830,NA,NA,NA,NA,-46331,NA,NA,NA,NA,-21209,NA,NA,NA,NA,-17242,NA,NA,NA,NA,-31049,NA,NA,NA,NA,-43861,NA,NA,NA,NA,-46919,NA,NA,NA,NA,-117299,NA,NA,NA,NA,-86700,NA,NA,NA,NA,-82365,NA,NA
"Peru","PER","Net migration","SM.POP.NETM",NA,NA,-30000,NA,NA,NA,NA,-50003,NA,NA,NA,NA,-87999,NA,NA,NA,NA,-98998,NA,NA,NA,NA,-117998,NA,NA,NA,NA,-185001,NA,NA,NA,NA,-293999,NA,NA,NA,NA,-540001,NA,NA,NA,NA,-634999,NA,NA,NA,NA,-489999,NA,NA,NA,NA,-240000,NA,NA,NA,NA,-179540,NA,NA
"Philippines","PHL","Net migration","SM.POP.NETM",NA,NA,364,NA,NA,NA,NA,-271845,NA,NA,NA,NA,-237734,NA,NA,NA,NA,-313636,NA,NA,NA,NA,-176673,NA,NA,NA,NA,-298756,NA,NA,NA,NA,-504878,NA,NA,NA,NA,-765620,NA,NA,NA,NA,-1097371,NA,NA,NA,NA,-1500002,NA,NA,NA,NA,-650000,NA,NA,NA,NA,-650000,NA,NA
"Poland","POL","Net migration","SM.POP.NETM",NA,NA,-62544,NA,NA,NA,NA,-143114,NA,NA,NA,NA,-170903,NA,NA,NA,NA,-106595,NA,NA,NA,NA,-119193,NA,NA,NA,NA,-304973,NA,NA,NA,NA,-159999,NA,NA,NA,NA,-85199,NA,NA,NA,NA,-183471,NA,NA,NA,NA,-178456,NA,NA,NA,NA,-73997,NA,NA,NA,NA,-50002,NA,NA
"Portugal","PRT","Net migration","SM.POP.NETM",NA,NA,-547884,NA,NA,NA,NA,-701600,NA,NA,NA,NA,108187,NA,NA,NA,NA,198629,NA,NA,NA,NA,-66894,NA,NA,NA,NA,-147873,NA,NA,NA,NA,149122,NA,NA,NA,NA,173604,NA,NA,NA,NA,178353,NA,NA,NA,NA,92133,NA,NA,NA,NA,-140000,NA,NA,NA,NA,-30001,NA,NA
"Post-demographic dividend","PST","Net migration","SM.POP.NETM",NA,NA,3830510,NA,NA,NA,NA,3926856,NA,NA,NA,NA,6913766,NA,NA,NA,NA,6254636,NA,NA,NA,NA,5307152,NA,NA,NA,NA,7704786,NA,NA,NA,NA,10269008,NA,NA,NA,NA,13303931,NA,NA,NA,NA,15405871,NA,NA,NA,NA,15844854,NA,NA,NA,NA,11408223,NA,NA,NA,NA,12156364,NA,NA
"Pre-demographic dividend","PRE","Net migration","SM.POP.NETM",NA,NA,-170737,NA,NA,NA,NA,-29787,NA,NA,NA,NA,-836277,NA,NA,NA,NA,675480,NA,NA,NA,NA,-5234145,NA,NA,NA,NA,-3991527,NA,NA,NA,NA,2157419,NA,NA,NA,NA,-3022543,NA,NA,NA,NA,-552656,NA,NA,NA,NA,-3653097,NA,NA,NA,NA,-1589003,NA,NA,NA,NA,-2004805,NA,NA
"Puerto Rico","PRI","Net migration","SM.POP.NETM",NA,NA,-91587,NA,NA,NA,NA,-134255,NA,NA,NA,NA,-41031,NA,NA,NA,NA,-19579,NA,NA,NA,NA,-48420,NA,NA,NA,NA,-55192,NA,NA,NA,NA,-296,NA,NA,NA,NA,-30450,NA,NA,NA,NA,-145704,NA,NA,NA,NA,-138043,NA,NA,NA,NA,-103530,NA,NA,NA,NA,-70002,NA,NA
"Qatar","QAT","Net migration","SM.POP.NETM",NA,NA,16393,NA,NA,NA,NA,21061,NA,NA,NA,NA,34368,NA,NA,NA,NA,28387,NA,NA,NA,NA,102097,NA,NA,NA,NA,57517,NA,NA,NA,NA,-10132,NA,NA,NA,NA,29506,NA,NA,NA,NA,213916,NA,NA,NA,NA,841300,NA,NA,NA,NA,602000,NA,NA,NA,NA,200000,NA,NA
"Romania","ROU","Net migration","SM.POP.NETM",NA,NA,-2001,NA,NA,NA,NA,-2001,NA,NA,NA,NA,-2001,NA,NA,NA,NA,-99999,NA,NA,NA,NA,-200000,NA,NA,NA,NA,-200000,NA,NA,NA,NA,-520001,NA,NA,NA,NA,-610000,NA,NA,NA,NA,-468204,NA,NA,NA,NA,-774651,NA,NA,NA,NA,-299997,NA,NA,NA,NA,-150000,NA,NA
"Russian Federation","RUS","Net migration","SM.POP.NETM",NA,NA,-1394343,NA,NA,NA,NA,-553217,NA,NA,NA,NA,-290289,NA,NA,NA,NA,639801,NA,NA,NA,NA,1107000,NA,NA,NA,NA,906615,NA,NA,NA,NA,2519717,NA,NA,NA,NA,2308220,NA,NA,NA,NA,1735324,NA,NA,NA,NA,2157349,NA,NA,NA,NA,1017884,NA,NA,NA,NA,799998,NA,NA
"Rwanda","RWA","Net migration","SM.POP.NETM",NA,NA,-140001,NA,NA,NA,NA,20000,NA,NA,NA,NA,-20000,NA,NA,NA,NA,-20000,NA,NA,NA,NA,-50002,NA,NA,NA,NA,29999,NA,NA,NA,NA,-1347866,NA,NA,NA,NA,1210134,NA,NA,NA,NA,-72601,NA,NA,NA,NA,-79101,NA,NA,NA,NA,-79101,NA,NA,NA,NA,-44999,NA,NA
"Samoa","WSM","Net migration","SM.POP.NETM",NA,NA,-1453,NA,NA,NA,NA,-5043,NA,NA,NA,NA,-13312,NA,NA,NA,NA,-17563,NA,NA,NA,NA,-17430,NA,NA,NA,NA,-18654,NA,NA,NA,NA,-13724,NA,NA,NA,NA,-17300,NA,NA,NA,NA,-15726,NA,NA,NA,NA,-15371,NA,NA,NA,NA,-12690,NA,NA,NA,NA,-12500,NA,NA
"San Marino","SMR","Net migration","SM.POP.NETM",NA,NA,NA,NA,NA,NA,NA,NA,NA,NA,NA,NA,NA,NA,NA,NA,NA,NA,NA,NA,NA,NA,NA,NA,NA,NA,NA,NA,NA,NA,NA,NA,NA,NA,NA,NA,NA,NA,NA,NA,NA,NA,NA,NA,NA,NA,NA,NA,NA,NA,NA,NA,NA,NA,NA,NA,NA,NA,NA,NA
"Sao Tome and Principe","STP","Net migration","SM.POP.NETM",NA,NA,-9152,NA,NA,NA,NA,-744,NA,NA,NA,NA,-2509,NA,NA,NA,NA,-1221,NA,NA,NA,NA,-5999,NA,NA,NA,NA,-5999,NA,NA,NA,NA,-5599,NA,NA,NA,NA,-8293,NA,NA,NA,NA,-5599,NA,NA,NA,NA,-5599,NA,NA,NA,NA,-5599,NA,NA,NA,NA,-4999,NA,NA
"Saudi Arabia","SAU","Net migration","SM.POP.NETM",NA,NA,125989,NA,NA,NA,NA,187007,NA,NA,NA,NA,491874,NA,NA,NA,NA,821335,NA,NA,NA,NA,1391626,NA,NA,NA,NA,730000,NA,NA,NA,NA,-110000,NA,NA,NA,NA,-350000,NA,NA,NA,NA,730000,NA,NA,NA,NA,995000,NA,NA,NA,NA,1590000,NA,NA,NA,NA,590000,NA,NA
"Senegal","SEN","Net migration","SM.POP.NETM",NA,NA,50002,NA,NA,NA,NA,86522,NA,NA,NA,NA,65586,NA,NA,NA,NA,-134783,NA,NA,NA,NA,-85108,NA,NA,NA,NA,-60291,NA,NA,NA,NA,-70008,NA,NA,NA,NA,-209864,NA,NA,NA,NA,-151131,NA,NA,NA,NA,-166051,NA,NA,NA,NA,-99996,NA,NA,NA,NA,-99996,NA,NA
"Serbia","SRB","Net migration","SM.POP.NETM",NA,NA,NA,NA,NA,NA,NA,NA,NA,NA,NA,NA,NA,NA,NA,NA,NA,NA,NA,NA,NA,NA,NA,NA,NA,NA,NA,NA,NA,NA,NA,NA,178348,NA,NA,NA,NA,-495902,NA,NA,NA,NA,-276331,NA,NA,NA,NA,-116385,NA,NA,NA,NA,-99999,NA,NA,NA,NA,-50000,NA,NA
"Seychelles","SYC","Net migration","SM.POP.NETM",NA,NA,-851,NA,NA,NA,NA,-998,NA,NA,NA,NA,230,NA,NA,NA,NA,-200,NA,NA,NA,NA,-3099,NA,NA,NA,NA,-5295,NA,NA,NA,NA,625,NA,NA,NA,NA,-135,NA,NA,NA,NA,2513,NA,NA,NA,NA,-2511,NA,NA,NA,NA,-2201,NA,NA,NA,NA,-1000,NA,NA
"Sierra Leone","SLE","Net migration","SM.POP.NETM",NA,NA,0,NA,NA,NA,NA,0,NA,NA,NA,NA,0,NA,NA,NA,NA,0,NA,NA,NA,NA,0,NA,NA,NA,NA,62745,NA,NA,NA,NA,-450000,NA,NA,NA,NA,-150000,NA,NA,NA,NA,500000,NA,NA,NA,NA,60000,NA,NA,NA,NA,-21000,NA,NA,NA,NA,-21000,NA,NA
"Singapore","SGP","Net migration","SM.POP.NETM",NA,NA,428,NA,NA,NA,NA,-363,NA,NA,NA,NA,5889,NA,NA,NA,NA,14266,NA,NA,NA,NA,137811,NA,NA,NA,NA,119801,NA,NA,NA,NA,248927,NA,NA,NA,NA,255243,NA,NA,NA,NA,435595,NA,NA,NA,NA,449245,NA,NA,NA,NA,337932,NA,NA,NA,NA,298448,NA,NA
"Sint Maarten (Dutch part)","SXM","Net migration","SM.POP.NETM",NA,NA,NA,NA,NA,NA,NA,NA,NA,NA,NA,NA,NA,NA,NA,NA,NA,NA,NA,NA,NA,NA,NA,NA,NA,NA,NA,NA,NA,NA,NA,NA,NA,NA,NA,NA,NA,NA,NA,NA,NA,NA,NA,NA,NA,NA,NA,NA,NA,NA,NA,NA,NA,NA,NA,NA,NA,NA,NA,NA
"Slovak Republic","SVK","Net migration","SM.POP.NETM",NA,NA,-26427,NA,NA,NA,NA,-57838,NA,NA,NA,NA,-15254,NA,NA,NA,NA,-9696,NA,NA,NA,NA,-34777,NA,NA,NA,NA,-35312,NA,NA,NA,NA,-15108,NA,NA,NA,NA,-2964,NA,NA,NA,NA,1199,NA,NA,NA,NA,-8855,NA,NA,NA,NA,11346,NA,NA,NA,NA,4999,NA,NA
"Slovenia","SVN","Net migration","SM.POP.NETM",NA,NA,-22059,NA,NA,NA,NA,-14950,NA,NA,NA,NA,17942,NA,NA,NA,NA,34686,NA,NA,NA,NA,68363,NA,NA,NA,NA,32609,NA,NA,NA,NA,-17461,NA,NA,NA,NA,1487,NA,NA,NA,NA,14998,NA,NA,NA,NA,39348,NA,NA,NA,NA,16571,NA,NA,NA,NA,6002,NA,NA
"Small states","SST","Net migration","SM.POP.NETM",NA,NA,-344781,NA,NA,NA,NA,-353264,NA,NA,NA,NA,-355115,NA,NA,NA,NA,-408812,NA,NA,NA,NA,-256806,NA,NA,NA,NA,-284609,NA,NA,NA,NA,-600512,NA,NA,NA,NA,-433377,NA,NA,NA,NA,54465,NA,NA,NA,NA,879195,NA,NA,NA,NA,552480,NA,NA,NA,NA,269888,NA,NA
"Solomon Islands","SLB","Net migration","SM.POP.NETM",NA,NA,2348,NA,NA,NA,NA,2188,NA,NA,NA,NA,2118,NA,NA,NA,NA,182,NA,NA,NA,NA,0,NA,NA,NA,NA,-1832,NA,NA,NA,NA,-971,NA,NA,NA,NA,-677,NA,NA,NA,NA,-4898,NA,NA,NA,NA,-11896,NA,NA,NA,NA,-11868,NA,NA,NA,NA,-12000,NA,NA
"Somalia","SOM","Net migration","SM.POP.NETM",NA,NA,-1328,NA,NA,NA,NA,1910,NA,NA,NA,NA,0,NA,NA,NA,NA,1870372,NA,NA,NA,NA,-400890,NA,NA,NA,NA,-399700,NA,NA,NA,NA,-806214,NA,NA,NA,NA,-101684,NA,NA,NA,NA,-183096,NA,NA,NA,NA,-186250,NA,NA,NA,NA,-226869,NA,NA,NA,NA,-199788,NA,NA
"South Africa","ZAF","Net migration","SM.POP.NETM",NA,NA,106550,NA,NA,NA,NA,198515,NA,NA,NA,NA,226600,NA,NA,NA,NA,73316,NA,NA,NA,NA,180998,NA,NA,NA,NA,-129050,NA,NA,NA,NA,739500,NA,NA,NA,NA,313500,NA,NA,NA,NA,596000,NA,NA,NA,NA,627500,NA,NA,NA,NA,806500,NA,NA,NA,NA,300000,NA,NA
"South Asia","SAS","Net migration","SM.POP.NETM",NA,NA,-454109,NA,NA,NA,NA,-789458,NA,NA,NA,NA,-1131024,NA,NA,NA,NA,-580510,NA,NA,NA,NA,-2623284,NA,NA,NA,NA,-1873468,NA,NA,NA,NA,-296025,NA,NA,NA,NA,-3508471,NA,NA,NA,NA,-4439248,NA,NA,NA,NA,-10167795,NA,NA,NA,NA,-6663834,NA,NA,NA,NA,-6962017,NA,NA
"South Asia (IDA & IBRD)","TSA","Net migration","SM.POP.NETM",NA,NA,-454109,NA,NA,NA,NA,-789458,NA,NA,NA,NA,-1131024,NA,NA,NA,NA,-580510,NA,NA,NA,NA,-2623284,NA,NA,NA,NA,-1873468,NA,NA,NA,NA,-296025,NA,NA,NA,NA,-3508471,NA,NA,NA,NA,-4439248,NA,NA,NA,NA,-10167795,NA,NA,NA,NA,-6663834,NA,NA,NA,NA,-6962017,NA,NA
"South Sudan","SSD","Net migration","SM.POP.NETM",NA,NA,0,NA,NA,NA,NA,0,NA,NA,NA,NA,25000,NA,NA,NA,NA,60000,NA,NA,NA,NA,150000,NA,NA,NA,NA,-405000,NA,NA,NA,NA,-1076000,NA,NA,NA,NA,400000,NA,NA,NA,NA,432000,NA,NA,NA,NA,785000,NA,NA,NA,NA,425000,NA,NA,NA,NA,150000,NA,NA
"Spain","ESP","Net migration","SM.POP.NETM",NA,NA,-193807,NA,NA,NA,NA,-145936,NA,NA,NA,NA,96990,NA,NA,NA,NA,76903,NA,NA,NA,NA,-43292,NA,NA,NA,NA,-67680,NA,NA,NA,NA,319270,NA,NA,NA,NA,905020,NA,NA,NA,NA,2838240,NA,NA,NA,NA,2259000,NA,NA,NA,NA,-570000,NA,NA,NA,NA,200000,NA,NA
"Sri Lanka","LKA","Net migration","SM.POP.NETM",NA,NA,-47500,NA,NA,NA,NA,-38500,NA,NA,NA,NA,-145000,NA,NA,NA,NA,-237500,NA,NA,NA,NA,-395500,NA,NA,NA,NA,-137440,NA,NA,NA,NA,-255780,NA,NA,NA,NA,-461684,NA,NA,NA,NA,-449480,NA,NA,NA,NA,-520065,NA,NA,NA,NA,-484772,NA,NA,NA,NA,-449999,NA,NA
"St. Kitts and Nevis","KNA","Net migration","SM.POP.NETM",NA,NA,NA,NA,NA,NA,NA,NA,NA,NA,NA,NA,NA,NA,NA,NA,NA,NA,NA,NA,NA,NA,NA,NA,NA,NA,NA,NA,NA,NA,NA,NA,NA,NA,NA,NA,NA,NA,NA,NA,NA,NA,NA,NA,NA,NA,NA,NA,NA,NA,NA,NA,NA,NA,NA,NA,NA,NA,NA,NA
"St. Lucia","LCA","Net migration","SM.POP.NETM",NA,NA,-9372,NA,NA,NA,NA,-7697,NA,NA,NA,NA,-9649,NA,NA,NA,NA,-8932,NA,NA,NA,NA,-8141,NA,NA,NA,NA,-4262,NA,NA,NA,NA,-4806,NA,NA,NA,NA,-948,NA,NA,NA,NA,-227,NA,NA,NA,NA,2850,NA,NA,NA,NA,40,NA,NA,NA,NA,40,NA,NA
"St. Martin (French part)","MAF","Net migration","SM.POP.NETM",NA,NA,NA,NA,NA,NA,NA,NA,NA,NA,NA,NA,NA,NA,NA,NA,NA,NA,NA,NA,NA,NA,NA,NA,NA,NA,NA,NA,NA,NA,NA,NA,NA,NA,NA,NA,NA,NA,NA,NA,NA,NA,NA,NA,NA,NA,NA,NA,NA,NA,NA,NA,NA,NA,NA,NA,NA,NA,NA,NA
"St. Vincent and the Grenadines","VCT","Net migration","SM.POP.NETM",NA,NA,-9326,NA,NA,NA,NA,-10014,NA,NA,NA,NA,-8792,NA,NA,NA,NA,-7257,NA,NA,NA,NA,-7345,NA,NA,NA,NA,-7103,NA,NA,NA,NA,-8682,NA,NA,NA,NA,-7948,NA,NA,NA,NA,-5200,NA,NA,NA,NA,-5122,NA,NA,NA,NA,-5000,NA,NA,NA,NA,-2996,NA,NA
"Sub-Saharan Africa","SSF","Net migration","SM.POP.NETM",NA,NA,-300541,NA,NA,NA,NA,-280646,NA,NA,NA,NA,-959547,NA,NA,NA,NA,-844018,NA,NA,NA,NA,-1154977,NA,NA,NA,NA,-1171902,NA,NA,NA,NA,583590,NA,NA,NA,NA,-1473273,NA,NA,NA,NA,-1080073,NA,NA,NA,NA,-1983360,NA,NA,NA,NA,-2046131,NA,NA,NA,NA,-1724595,NA,NA
"Sub-Saharan Africa (excluding high income)","SSA","Net migration","SM.POP.NETM",NA,NA,-299690,NA,NA,NA,NA,-279648,NA,NA,NA,NA,-959777,NA,NA,NA,NA,-843818,NA,NA,NA,NA,-1151878,NA,NA,NA,NA,-1166607,NA,NA,NA,NA,582965,NA,NA,NA,NA,-1473138,NA,NA,NA,NA,-1082586,NA,NA,NA,NA,-1980849,NA,NA,NA,NA,-2043930,NA,NA,NA,NA,-1723595,NA,NA
"Sub-Saharan Africa (IDA & IBRD countries)","TSS","Net migration","SM.POP.NETM",NA,NA,-300541,NA,NA,NA,NA,-280646,NA,NA,NA,NA,-959547,NA,NA,NA,NA,-844018,NA,NA,NA,NA,-1154977,NA,NA,NA,NA,-1171902,NA,NA,NA,NA,583590,NA,NA,NA,NA,-1473273,NA,NA,NA,NA,-1080073,NA,NA,NA,NA,-1983360,NA,NA,NA,NA,-2046131,NA,NA,NA,NA,-1724595,NA,NA
"Sudan","SDN","Net migration","SM.POP.NETM",NA,NA,0,NA,NA,NA,NA,0,NA,NA,NA,NA,20002,NA,NA,NA,NA,180000,NA,NA,NA,NA,219998,NA,NA,NA,NA,150000,NA,NA,NA,NA,653484,NA,NA,NA,NA,-633001,NA,NA,NA,NA,-546005,NA,NA,NA,NA,-1078146,NA,NA,NA,NA,-589384,NA,NA,NA,NA,-250001,NA,NA
"Suriname","SUR","Net migration","SM.POP.NETM",NA,NA,-11050,NA,NA,NA,NA,-13862,NA,NA,NA,NA,-56820,NA,NA,NA,NA,-40352,NA,NA,NA,NA,-31771,NA,NA,NA,NA,-4845,NA,NA,NA,NA,-5195,NA,NA,NA,NA,-10189,NA,NA,NA,NA,-9124,NA,NA,NA,NA,-6485,NA,NA,NA,NA,-5000,NA,NA,NA,NA,-4999,NA,NA
"Sweden","SWE","Net migration","SM.POP.NETM",NA,NA,80351,NA,NA,NA,NA,130980,NA,NA,NA,NA,18798,NA,NA,NA,NA,88567,NA,NA,NA,NA,29799,NA,NA,NA,NA,134569,NA,NA,NA,NA,156460,NA,NA,NA,NA,58470,NA,NA,NA,NA,141723,NA,NA,NA,NA,262453,NA,NA,NA,NA,253958,NA,NA,NA,NA,200000,NA,NA
"Switzerland","CHE","Net migration","SM.POP.NETM",NA,NA,276181,NA,NA,NA,NA,92978,NA,NA,NA,NA,25185,NA,NA,NA,NA,-135365,NA,NA,NA,NA,81040,NA,NA,NA,NA,130857,NA,NA,NA,NA,247406,NA,NA,NA,NA,65218,NA,NA,NA,NA,186125,NA,NA,NA,NA,344872,NA,NA,NA,NA,397267,NA,NA,NA,NA,250000,NA,NA
"Syrian Arab Republic","SYR","Net migration","SM.POP.NETM",NA,NA,-16000,NA,NA,NA,NA,-16000,NA,NA,NA,NA,-81501,NA,NA,NA,NA,-161672,NA,NA,NA,NA,-87001,NA,NA,NA,NA,-146501,NA,NA,NA,NA,-70000,NA,NA,NA,NA,-130000,NA,NA,NA,NA,-379910,NA,NA,NA,NA,370000,NA,NA,NA,NA,-4157896,NA,NA,NA,NA,-1240000,NA,NA
"Tajikistan","TJK","Net migration","SM.POP.NETM",NA,NA,20827,NA,NA,NA,NA,25884,NA,NA,NA,NA,-12207,NA,NA,NA,NA,-17023,NA,NA,NA,NA,-38201,NA,NA,NA,NA,-68033,NA,NA,NA,NA,-289263,NA,NA,NA,NA,-294793,NA,NA,NA,NA,-82491,NA,NA,NA,NA,-73245,NA,NA,NA,NA,-99999,NA,NA,NA,NA,-99999,NA,NA
"Tanzania","TZA","Net migration","SM.POP.NETM",NA,NA,26997,NA,NA,NA,NA,36024,NA,NA,NA,NA,118989,NA,NA,NA,NA,-22250,NA,NA,NA,NA,37181,NA,NA,NA,NA,68208,NA,NA,NA,NA,591285,NA,NA,NA,NA,-205874,NA,NA,NA,NA,-295952,NA,NA,NA,NA,-265317,NA,NA,NA,NA,-199999,NA,NA,NA,NA,-199999,NA,NA
"Thailand","THA","Net migration","SM.POP.NETM",NA,NA,0,NA,NA,NA,NA,0,NA,NA,NA,NA,402578,NA,NA,NA,NA,287226,NA,NA,NA,NA,341913,NA,NA,NA,NA,513675,NA,NA,NA,NA,-607538,NA,NA,NA,NA,695804,NA,NA,NA,NA,373746,NA,NA,NA,NA,59008,NA,NA,NA,NA,167314,NA,NA,NA,NA,97222,NA,NA
"Timor-Leste","TLS","Net migration","SM.POP.NETM",NA,NA,670,NA,NA,NA,NA,864,NA,NA,NA,NA,2242,NA,NA,NA,NA,-93784,NA,NA,NA,NA,10300,NA,NA,NA,NA,-4850,NA,NA,NA,NA,-4186,NA,NA,NA,NA,-156056,NA,NA,NA,NA,4020,NA,NA,NA,NA,-93744,NA,NA,NA,NA,-50004,NA,NA,NA,NA,-50004,NA,NA
"Togo","TGO","Net migration","SM.POP.NETM",NA,NA,-77885,NA,NA,NA,NA,138923,NA,NA,NA,NA,-49999,NA,NA,NA,NA,-100000,NA,NA,NA,NA,50001,NA,NA,NA,NA,-20000,NA,NA,NA,NA,-95000,NA,NA,NA,NA,80000,NA,NA,NA,NA,-9999,NA,NA,NA,NA,-9999,NA,NA,NA,NA,-9994,NA,NA,NA,NA,-9999,NA,NA
"Tonga","TON","Net migration","SM.POP.NETM",NA,NA,103,NA,NA,NA,NA,-3147,NA,NA,NA,NA,-7635,NA,NA,NA,NA,-7889,NA,NA,NA,NA,-12542,NA,NA,NA,NA,-10902,NA,NA,NA,NA,-11082,NA,NA,NA,NA,-8701,NA,NA,NA,NA,-8129,NA,NA,NA,NA,-8196,NA,NA,NA,NA,-8078,NA,NA,NA,NA,-4833,NA,NA
"Trinidad and Tobago","TTO","Net migration","SM.POP.NETM",NA,NA,-57936,NA,NA,NA,NA,-61563,NA,NA,NA,NA,-29357,NA,NA,NA,NA,-30858,NA,NA,NA,NA,-34278,NA,NA,NA,NA,-45071,NA,NA,NA,NA,-31973,NA,NA,NA,NA,-32545,NA,NA,NA,NA,-13159,NA,NA,NA,NA,-11303,NA,NA,NA,NA,-4999,NA,NA,NA,NA,-4499,NA,NA
"Tunisia","TUN","Net migration","SM.POP.NETM",NA,NA,-142495,NA,NA,NA,NA,-96523,NA,NA,NA,NA,-97065,NA,NA,NA,NA,-72068,NA,NA,NA,NA,85582,NA,NA,NA,NA,48999,NA,NA,NA,NA,140341,NA,NA,NA,NA,-36804,NA,NA,NA,NA,-139045,NA,NA,NA,NA,-32941,NA,NA,NA,NA,-65963,NA,NA,NA,NA,-20000,NA,NA
"Turkey","TUR","Net migration","SM.POP.NETM",NA,NA,-149998,NA,NA,NA,NA,-179999,NA,NA,NA,NA,-239999,NA,NA,NA,NA,-259997,NA,NA,NA,NA,-69997,NA,NA,NA,NA,-100001,NA,NA,NA,NA,-119998,NA,NA,NA,NA,-99999,NA,NA,NA,NA,-39997,NA,NA,NA,NA,-50000,NA,NA,NA,NA,1627172,NA,NA,NA,NA,1525002,NA,NA
"Turkmenistan","TKM","Net migration","SM.POP.NETM",NA,NA,26783,NA,NA,NA,NA,28147,NA,NA,NA,NA,25346,NA,NA,NA,NA,-5070,NA,NA,NA,NA,-35795,NA,NA,NA,NA,-39702,NA,NA,NA,NA,43633,NA,NA,NA,NA,-64674,NA,NA,NA,NA,-125883,NA,NA,NA,NA,-62717,NA,NA,NA,NA,-50002,NA,NA,NA,NA,-25001,NA,NA
"Turks and Caicos Islands","TCA","Net migration","SM.POP.NETM",NA,NA,NA,NA,NA,NA,NA,NA,NA,NA,NA,NA,NA,NA,NA,NA,NA,NA,NA,NA,NA,NA,NA,NA,NA,NA,NA,NA,NA,NA,NA,NA,NA,NA,NA,NA,NA,NA,NA,NA,NA,NA,NA,NA,NA,NA,NA,NA,NA,NA,NA,NA,NA,NA,NA,NA,NA,NA,NA,NA
"Tuvalu","TUV","Net migration","SM.POP.NETM",NA,NA,NA,NA,NA,NA,NA,NA,NA,NA,NA,NA,NA,NA,NA,NA,NA,NA,NA,NA,NA,NA,NA,NA,NA,NA,NA,NA,NA,NA,NA,NA,NA,NA,NA,NA,NA,NA,NA,NA,NA,NA,NA,NA,NA,NA,NA,NA,NA,NA,NA,NA,NA,NA,NA,NA,NA,NA,NA,NA
"Uganda","UGA","Net migration","SM.POP.NETM",NA,NA,125200,NA,NA,NA,NA,53330,NA,NA,NA,NA,-240530,NA,NA,NA,NA,-166660,NA,NA,NA,NA,-115340,NA,NA,NA,NA,233366,NA,NA,NA,NA,119995,NA,NA,NA,NA,-45737,NA,NA,NA,NA,-5000,NA,NA,NA,NA,-135000,NA,NA,NA,NA,-150000,NA,NA,NA,NA,-150000,NA,NA
"Ukraine","UKR","Net migration","SM.POP.NETM",NA,NA,454164,NA,NA,NA,NA,267629,NA,NA,NA,NA,209851,NA,NA,NA,NA,104383,NA,NA,NA,NA,189092,NA,NA,NA,NA,0,NA,NA,NA,NA,74421,NA,NA,NA,NA,-462264,NA,NA,NA,NA,-165445,NA,NA,NA,NA,269541,NA,NA,NA,NA,-200000,NA,NA,NA,NA,-100000,NA,NA
"United Arab Emirates","ARE","Net migration","SM.POP.NETM",NA,NA,37882,NA,NA,NA,NA,53823,NA,NA,NA,NA,265100,NA,NA,NA,NA,387833,NA,NA,NA,NA,184159,NA,NA,NA,NA,261351,NA,NA,NA,NA,368126,NA,NA,NA,NA,484452,NA,NA,NA,NA,1161000,NA,NA,NA,NA,3331000,NA,NA,NA,NA,480000,NA,NA,NA,NA,301000,NA,NA
"United Kingdom","GBR","Net migration","SM.POP.NETM",NA,NA,142563,NA,NA,NA,NA,-84853,NA,NA,NA,NA,106415,NA,NA,NA,NA,39119,NA,NA,NA,NA,-97495,NA,NA,NA,NA,98758,NA,NA,NA,NA,205443,NA,NA,NA,NA,498998,NA,NA,NA,NA,968350,NA,NA,NA,NA,2030075,NA,NA,NA,NA,990000,NA,NA,NA,NA,900000,NA,NA
"United States","USA","Net migration","SM.POP.NETM",NA,NA,1829274,NA,NA,NA,NA,1549465,NA,NA,NA,NA,2940497,NA,NA,NA,NA,3926811,NA,NA,NA,NA,3402260,NA,NA,NA,NA,3428740,NA,NA,NA,NA,4516808,NA,NA,NA,NA,8612074,NA,NA,NA,NA,5206538,NA,NA,NA,NA,5033689,NA,NA,NA,NA,4500000,NA,NA,NA,NA,4500000,NA,NA
"Upper middle income","UMC","Net migration","SM.POP.NETM",NA,NA,-3571516,NA,NA,NA,NA,-2253555,NA,NA,NA,NA,-3605709,NA,NA,NA,NA,-2626946,NA,NA,NA,NA,-745047,NA,NA,NA,NA,-2907455,NA,NA,NA,NA,-6464163,NA,NA,NA,NA,-3694735,NA,NA,NA,NA,-4691170,NA,NA,NA,NA,-2520309,NA,NA,NA,NA,2780947,NA,NA,NA,NA,-525277,NA,NA
"Uruguay","URY","Net migration","SM.POP.NETM",NA,NA,-6000,NA,NA,NA,NA,-34000,NA,NA,NA,NA,-136000,NA,NA,NA,NA,-60000,NA,NA,NA,NA,-30000,NA,NA,NA,NA,-30000,NA,NA,NA,NA,-20000,NA,NA,NA,NA,-26000,NA,NA,NA,NA,-104000,NA,NA,NA,NA,-50000,NA,NA,NA,NA,-30000,NA,NA,NA,NA,-15000,NA,NA
"Uzbekistan","UZB","Net migration","SM.POP.NETM",NA,NA,161059,NA,NA,NA,NA,444282,NA,NA,NA,NA,70667,NA,NA,NA,NA,72079,NA,NA,NA,NA,-185170,NA,NA,NA,NA,-346421,NA,NA,NA,NA,-322777,NA,NA,NA,NA,-242636,NA,NA,NA,NA,-242297,NA,NA,NA,NA,-140130,NA,NA,NA,NA,-66469,NA,NA,NA,NA,-44314,NA,NA
"Vanuatu","VUT","Net migration","SM.POP.NETM",NA,NA,67,NA,NA,NA,NA,-506,NA,NA,NA,NA,1439,NA,NA,NA,NA,245,NA,NA,NA,NA,-3312,NA,NA,NA,NA,-2801,NA,NA,NA,NA,-295,NA,NA,NA,NA,-7087,NA,NA,NA,NA,-502,NA,NA,NA,NA,1135,NA,NA,NA,NA,604,NA,NA,NA,NA,604,NA,NA
"Venezuela, RB","VEN","Net migration","SM.POP.NETM",NA,NA,18874,NA,NA,NA,NA,3172,NA,NA,NA,NA,892,NA,NA,NA,NA,1094,NA,NA,NA,NA,1373,NA,NA,NA,NA,891,NA,NA,NA,NA,-572,NA,NA,NA,NA,-2061,NA,NA,NA,NA,-7648,NA,NA,NA,NA,-28395,NA,NA,NA,NA,-69121,NA,NA,NA,NA,-60493,NA,NA
"Vietnam","VNM","Net migration","SM.POP.NETM",NA,NA,0,NA,NA,NA,NA,0,NA,NA,NA,NA,0,NA,NA,NA,NA,-813123,NA,NA,NA,NA,-324942,NA,NA,NA,NA,-332327,NA,NA,NA,NA,-394236,NA,NA,NA,NA,-216001,NA,NA,NA,NA,-672334,NA,NA,NA,NA,-877681,NA,NA,NA,NA,-200002,NA,NA,NA,NA,-200000,NA,NA
"Virgin Islands (U.S.)","VIR","Net migration","SM.POP.NETM",NA,NA,10270,NA,NA,NA,NA,3245,NA,NA,NA,NA,9407,NA,NA,NA,NA,1961,NA,NA,NA,NA,-3492,NA,NA,NA,NA,-11156,NA,NA,NA,NA,-4618,NA,NA,NA,NA,-3936,NA,NA,NA,NA,-5272,NA,NA,NA,NA,-6267,NA,NA,NA,NA,-4501,NA,NA,NA,NA,-2254,NA,NA
"West Bank and Gaza","PSE","Net migration","SM.POP.NETM",NA,NA,NA,NA,NA,NA,NA,NA,NA,NA,NA,NA,NA,NA,NA,NA,NA,NA,NA,NA,NA,NA,NA,NA,NA,NA,NA,NA,NA,NA,NA,NA,35001,NA,NA,NA,NA,70001,NA,NA,NA,NA,-190000,NA,NA,NA,NA,-90001,NA,NA,NA,NA,-43751,NA,NA,NA,NA,-32816,NA,NA
"World","WLD","Net migration","SM.POP.NETM",NA,NA,0,NA,NA,NA,NA,0,NA,NA,NA,NA,0,NA,NA,NA,NA,0,NA,NA,NA,NA,0,NA,NA,NA,NA,0,NA,NA,NA,NA,0,NA,NA,NA,NA,0,NA,NA,NA,NA,0,NA,NA,NA,NA,0,NA,NA,NA,NA,0,NA,NA,NA,NA,0,NA,NA
"Yemen, Rep.","YEM","Net migration","SM.POP.NETM",NA,NA,-100000,NA,NA,NA,NA,-245662,NA,NA,NA,NA,-353000,NA,NA,NA,NA,-75000,NA,NA,NA,NA,-50000,NA,NA,NA,NA,-50000,NA,NA,NA,NA,615000,NA,NA,NA,NA,-100000,NA,NA,NA,NA,-112150,NA,NA,NA,NA,-65768,NA,NA,NA,NA,-75010,NA,NA,NA,NA,-150000,NA,NA
"Zambia","ZMB","Net migration","SM.POP.NETM",NA,NA,2500,NA,NA,NA,NA,-4245,NA,NA,NA,NA,26662,NA,NA,NA,NA,17573,NA,NA,NA,NA,58483,NA,NA,NA,NA,2822,NA,NA,NA,NA,-22952,NA,NA,NA,NA,79445,NA,NA,NA,NA,-93014,NA,NA,NA,NA,-124044,NA,NA,NA,NA,-34490,NA,NA,NA,NA,-40000,NA,NA
"Zimbabwe","ZWE","Net migration","SM.POP.NETM",NA,NA,-15009,NA,NA,NA,NA,-42001,NA,NA,NA,NA,-45547,NA,NA,NA,NA,-152283,NA,NA,NA,NA,99068,NA,NA,NA,NA,84354,NA,NA,NA,NA,-199997,NA,NA,NA,NA,-219998,NA,NA,NA,NA,-350001,NA,NA,NA,NA,-300000,NA,NA,NA,NA,-249999,NA,NA,NA,NA,-99998,NA,NA
